1.000000000000000000e+00 2.739180553157490091e-300 3.075350651189893147e-01 2.739180553157490091e-300 2.789697826204400877e-01 2.110972896266267440e-01 2.684595586145764323e-01 2.621178587332870236e-01 2.667721598507490910e-01 -0.000000000000000000e+00 2.739180553157490091e-300 -0.000000000000000000e+00 2.739180553157490091e-300 2.449161645488776851e-01 4.124201768566034820e-01 3.461413140875785333e-01 3.780809317258211344e-01 4.156892708076805887e-01 3.305622355989987216e-01 3.416087660081527089e-01 2.900535069359398421e-01 2.667412755942712432e-01 3.646103165910329663e-300 3.646103165910329663e-300 2.363477256377067015e-01 2.110972896266267440e-01 2.430254559553841620e-01 2.363477256377067015e-01 2.466816142270202572e-01 2.739180553157490091e-300 2.739180553157490091e-300 2.739180553157490091e-300 2.764653412091213625e-01 -0.000000000000000000e+00 2.739180553157490091e-300 2.306231092507095848e-01 2.739180553157490091e-300 2.739180553157490091e-300 2.003927156158311629e-01 2.807389020284792869e-01 2.003927156158311629e-01 2.513822921483359618e-01 2.230100351528689351e-01 2.306231092507095848e-01 2.003927156158311629e-01 2.110972896266267440e-01 2.667412755942712432e-01 2.003927156158311629e-01 1.034517597285293661e-01 2.271364696770001024e-01 3.646103165910329663e-300 2.739180553157490091e-300 3.806605291332875804e-300 8.989116110085873523e-02 1.228727898773817024e-300 2.110972896266267440e-01 2.795692261824140878e-01 2.513822921483359618e-01 2.003927156158311629e-01 2.855834227364860145e-01 2.003927156158311629e-01 2.387743422616131483e-01 2.578163890924484725e-01 2.739180553157490091e-300 3.305622355989987216e-01 2.739180553157490091e-300 2.110972896266267440e-01 2.739180553157490091e-300 9.469296531796009275e-02 2.179063206445753242e-01 3.806605291332875804e-300 2.363477256377067015e-01 2.363477256377067015e-01 3.143700836565304080e-01 2.513822921483359618e-01 2.466816142270202572e-01 2.739180553157490091e-300 2.739180553157490091e-300 2.003927156158311629e-01 2.179063206445753242e-01
2.739180553157490091e-300 1.000000000000000000e+00 1.361986558208662674e-299 1.000000000000000000e+00 1.106269824585240569e-299 1.091168314083611556e-299 1.091168314083611556e-299 1.361986558208662674e-299 1.106269824585240569e-299 -0.000000000000000000e+00 2.493384085748938740e-300 -0.000000000000000000e+00 3.445068277596124878e-300 6.890136555192249756e-300 2.739180553157490091e-300 2.739180553157490091e-300 2.739180553157490091e-300 2.739180553157490091e-300 2.739180553157490091e-300 2.739180553157490091e-300 2.739180553157490091e-300 2.739180553157490091e-300 1.369590276578745045e-300 1.369590276578745045e-300 1.064008005851799155e-299 4.986768171497877481e-300 1.064008005851799155e-299 4.986768171497877481e-300 1.064008005851799155e-299 3.445068277596124878e-300 3.445068277596124878e-300 2.493384085748938740e-300 6.890136555192249756e-300 -0.000000000000000000e+00 3.445068277596124878e-300 6.890136555192249756e-300 6.310438733286872356e-300 2.493384085748938740e-300 6.890136555192249756e-300 1.064008005851799155e-299 1.064008005851799155e-299 1.064008005851799155e-299 4.986768171497877481e-300 6.890136555192249756e-300 1.064008005851799155e-299 1.064008005851799155e-299 2.739180553157490091e-300 2.739180553157490091e-300 1.228727898773817024e-300 2.739180553157490091e-300 1.369590276578745045e-300 1.369590276578745045e-300 1.369590276578745045e-300 1.228727898773817024e-300 6.143639493869085118e-301 4.986768171497877481e-300 6.890136555192249756e-300 6.890136555192249756e-300 1.064008005851799155e-299 6.890136555192249756e-300 6.890136555192249756e-300 4.986768171497877481e-300 6.890136555192249756e-300 3.445068277596124878e-300 2.739180553157490091e-300 3.445068277596124878e-300 6.890136555192249756e-300 3.445068277596124878e-300 1.228727898773817024e-300 4.986768171497877481e-300 1.369590276578745045e-300 4.986768171497877481e-300 4.986768171497877481e-300 4.986768171497877481e-300 6.890136555192249756e-300 1.064008005851799155e-299 3.445068277596124878e-300 2.493384085748938740e-300 6.890136555192249756e-300 6.890136555192249756e-300
3.075350651189893147e-01 1.361986558208662674e-299 1.000000000000000000e+00 1.361986558208662674e-299 7.415075613737300841e-01 6.036492181350111563e-01 7.130136772224251462e-01 8.758491310371520067e-01 7.198458767910128620e-01 -0.000000000000000000e+00 4.986768171497877481e-300 -0.000000000000000000e+00 6.890136555192249756e-300 4.231116900929855484e-01 1.964833412769049770e-01 1.752083000788000888e-01 1.857828034809573259e-01 1.974681451714436486e-01 1.698159685461418933e-01 1.736558687125543676e-01 1.550122725361232356e-01 1.459390533809367674e-01 2.739180553157490091e-300 2.739180553157490091e-300 6.375159448339010604e-01 2.758748278237292961e-01 6.499167599851136679e-01 2.987895020559556691e-01 6.566168706669817112e-01 6.890136555192249756e-300 6.890136555192249756e-300 4.986768171497877481e-300 4.590931296473887979e-01 -0.000000000000000000e+00 6.890136555192249756e-300 4.058372277528189964e-01 1.262087746657374471e-299 4.986768171497877481e-300 3.670951903375066494e-01 7.161505630925090182e-01 5.668860381793966452e-01 6.651398175108268473e-01 2.868753049366480901e-01 4.058372277528189964e-01 5.668860381793966452e-01 5.886237645758977122e-01 1.459390533809367674e-01 1.459390533809367674e-01 7.237353281846509168e-02 1.596267635637882709e-01 2.739180553157490091e-300 2.739180553157490091e-300 2.739180553157490091e-300 6.546460991886587921e-02 1.228727898773817024e-300 2.758748278237292961e-01 4.624828574349774679e-01 4.307208353452542382e-01 5.668860381793966452e-01 4.689781139110001384e-01 3.670951903375066494e-01 3.009130886615094536e-01 4.381694097853349734e-01 6.890136555192249756e-300 1.698159685461418933e-01 6.890136555192249756e-300 3.811717670594453877e-01 6.890136555192249756e-300 6.797490596291773379e-02 2.822049338747073532e-01 2.739180553157490091e-300 2.987895020559556691e-01 2.987895020559556691e-01 3.610063647094138850e-01 4.307208353452542382e-01 6.566168706669817112e-01 6.890136555192249756e-300 4.986768171497877481e-300 3.670951903375066494e-01 3.899179717355266139e-01
2.739180553157490091e-300 1.000000000000000000e+00 1.361986558208662674e-299 1.000000000000000000e+00 1.106269824585240569e-299 1.091168314083611556e-299 1.091168314083611556e-299 1.361986558208662674e-299 1.106269824585240569e-299 -0.000000000000000000e+00 2.493384085748938740e-300 -0.000000000000000000e+00 3.445068277596124878e-300 6.890136555192249756e-300 2.739180553157490091e-300 2.739180553157490091e-300 2.739180553157490091e-300 2.739180553157490091e-300 2.739180553157490091e-300 2.739180553157490091e-300 2.739180553157490091e-300 2.739180553157490091e-300 1.369590276578745045e-300 1.369590276578745045e-300 1.064008005851799155e-299 4.986768171497877481e-300 1.064008005851799155e-299 4.986768171497877481e-300 1.064008005851799155e-299 3.445068277596124878e-300 3.445068277596124878e-300 2.493384085748938740e-300 6.890136555192249756e-300 -0.000000000000000000e+00 3.445068277596124878e-300 6.890136555192249756e-300 6.310438733286872356e-300 2.493384085748938740e-300 6.890136555192249756e-300 1.064008005851799155e-299 1.064008005851799155e-299 1.064008005851799155e-299 4.986768171497877481e-300 6.890136555192249756e-300 1.064008005851799155e-299 1.064008005851799155e-299 2.739180553157490091e-300 2.739180553157490091e-300 1.228727898773817024e-300 2.739180553157490091e-300 1.369590276578745045e-300 1.369590276578745045e-300 1.369590276578745045e-300 1.228727898773817024e-300 6.143639493869085118e-301 4.986768171497877481e-300 6.890136555192249756e-300 6.890136555192249756e-300 1.064008005851799155e-299 6.890136555192249756e-300 6.890136555192249756e-300 4.986768171497877481e-300 6.890136555192249756e-300 3.445068277596124878e-300 2.739180553157490091e-300 3.445068277596124878e-300 6.890136555192249756e-300 3.445068277596124878e-300 1.228727898773817024e-300 4.986768171497877481e-300 1.369590276578745045e-300 4.986768171497877481e-300 4.986768171497877481e-300 4.986768171497877481e-300 6.890136555192249756e-300 1.064008005851799155e-299 3.445068277596124878e-300 2.493384085748938740e-300 6.890136555192249756e-300 6.890136555192249756e-300
2.789697826204400877e-01 1.106269824585240569e-299 7.415075613737300841e-01 1.106269824585240569e-299 1.000000000000000000e+00 5.746552502759373349e-01 6.729111957812030642e-01 6.719939712627004402e-01 7.951333616078668509e-01 -0.000000000000000000e+00 4.986768171497877481e-300 -0.000000000000000000e+00 6.890136555192249756e-300 4.006716715660101347e-01 1.844186218814050648e-01 1.655506327969732960e-01 1.749602058713460306e-01 1.852859315609928503e-01 1.607281986498725057e-01 1.641639507009951815e-01 1.474043996489036723e-01 1.391763003034110768e-01 2.739180553157490091e-300 2.739180553157490091e-300 3.914420940415492267e-01 2.626242418033233883e-01 3.986545430552846381e-01 2.833080244367393030e-01 4.025453601264595282e-01 6.890136555192249756e-300 6.890136555192249756e-300 4.986768171497877481e-300 4.327928469552747570e-01 -0.000000000000000000e+00 6.890136555192249756e-300 3.851473309736858086e-01 1.106269824585240569e-299 4.986768171497877481e-300 3.500841568225795397e-01 4.369322104420670372e-01 3.500841568225795397e-01 4.074886053633036131e-01 2.725743089959757892e-01 3.851473309736858086e-01 3.500841568225795397e-01 3.628636476568353753e-01 1.391763003034110768e-01 1.391763003034110768e-01 6.868387395733353828e-02 1.515709677446822612e-01 2.739180553157490091e-300 2.739180553157490091e-300 2.739180553157490091e-300 6.243100800120632982e-02 1.228727898773817024e-300 2.626242418033233883e-01 4.358040478051881106e-01 4.074886053633036131e-01 3.500841568225795397e-01 4.415668782066557996e-01 3.500841568225795397e-01 2.852165463769228415e-01 4.141491145794440332e-01 6.890136555192249756e-300 1.607281986498725057e-01 6.890136555192249756e-300 3.628636476568353753e-01 6.890136555192249756e-300 6.470999286520606741e-02 2.683545513860263187e-01 2.739180553157490091e-300 2.833080244367393030e-01 2.833080244367393030e-01 3.386474428373810741e-01 4.074886053633036131e-01 4.025453601264595282e-01 6.890136555192249756e-300 4.986768171497877481e-300 3.500841568225795397e-01 3.707811232984773997e-01
2.110972896266267440e-01 1.091168314083611556e-299 6.036492181350111563e-01 1.091168314083611556e-299 5.746552502759373349e-01 1.000000000000000000e+00 8.447214566865101082e-01 5.561652937489851567e-01 5.613821486410389694e-01 -0.000000000000000000e+00 4.986768171497877481e-300 -0.000000000000000000e+00 6.890136555192249756e-300 3.385239939102188123e-01 1.520917053467081281e-01 1.390243857439988073e-01 1.456002509375181886e-01 1.526811157951715459e-01 1.356075949993065521e-01 1.380451653403139967e-01 1.259986552023618922e-01 1.199376422795025848e-01 2.739180553157490091e-300 2.739180553157490091e-300 3.319119160554877546e-01 2.251848014999924541e-01 3.370829591191694674e-01 2.402227830272950226e-01 3.398605406232315107e-01 6.890136555192249756e-300 6.890136555192249756e-300 4.986768171497877481e-300 3.611717926718640559e-01 -0.000000000000000000e+00 6.890136555192249756e-300 3.273750764382639122e-01 1.091168314083611556e-299 4.986768171497877481e-300 3.016912238446586847e-01 3.640499479880207057e-01 3.016912238446586847e-01 3.433773943624598979e-01 2.324608429693759970e-01 3.273750764382639122e-01 3.016912238446586847e-01 3.111341813234457243e-01 1.199376422795025848e-01 1.199376422795025848e-01 5.838126524209097390e-02 1.290305238682722400e-01 2.739180553157490091e-300 2.739180553157490091e-300 2.739180553157490091e-300 5.380102710356304135e-02 1.228727898773817024e-300 2.251848014999924541e-01 3.632664234136103731e-01 3.433773943624598979e-01 3.016912238446586847e-01 3.672617198779783987e-01 3.016912238446586847e-01 2.415935482919914223e-01 3.480948136765080192e-01 6.890136555192249756e-300 1.356075949993065521e-01 6.890136555192249756e-300 3.111341813234457243e-01 6.890136555192249756e-300 5.548500320594912383e-02 2.293846905018341598e-01 2.739180553157490091e-300 2.402227830272950226e-01 2.402227830272950226e-01 2.788623232020047138e-01 3.433773943624598979e-01 3.398605406232315107e-01 6.890136555192249756e-300 4.986768171497877481e-300 3.016912238446586847e-01 3.169370997155087633e-01
2.684595586145764323e-01 1.091168314083611556e-299 7.130136772224251462e-01 1.091168314083611556e-299 6.729111957812030642e-01 8.447214566865101082e-01 1.000000000000000000e+00 6.476964889054029895e-01 6.547827153056162697e-01 -0.000000000000000000e+00 4.986768171497877481e-300 -0.000000000000000000e+00 6.890136555192249756e-300 3.919108528250435097e-01 1.797660991540711573e-01 1.617917130387575286e-01 1.707672546125726387e-01 1.805901020035267091e-01 1.571827364524636950e-01 1.604670349001608987e-01 1.444169233307556754e-01 1.365100203018104752e-01 2.739180553157490091e-300 2.739180553157490091e-300 3.830760283745832662e-01 2.574129825938225591e-01 3.899807578439923872e-01 2.772530457502503931e-01 3.937033162609806514e-01 6.890136555192249756e-300 6.890136555192249756e-300 4.986768171497877481e-300 4.225889290355132610e-01 -0.000000000000000000e+00 6.890136555192249756e-300 3.770453859836209731e-01 1.091168314083611556e-299 4.986768171497877481e-300 3.433773943624598979e-01 4.265345169564473959e-01 3.433773943624598979e-01 3.984305113315260716e-01 2.669649076483527339e-01 3.770453859836209731e-01 3.433773943624598979e-01 3.556633354820709636e-01 1.365100203018104752e-01 1.365100203018104752e-01 6.723904252853965535e-02 1.484140235917843220e-01 2.739180553157490091e-300 2.739180553157490091e-300 2.739180553157490091e-300 6.123498146687184757e-02 1.228727898773817024e-300 2.574129825938225591e-01 4.254593432427071775e-01 3.984305113315260716e-01 3.433773943624598979e-01 4.309501119827756632e-01 3.433773943624598979e-01 2.790805968681991933e-01 4.047958850272516673e-01 6.890136555192249756e-300 1.571827364524636950e-01 6.890136555192249756e-300 3.556633354820709636e-01 6.890136555192249756e-300 6.342595090491331966e-02 2.629157526185368909e-01 2.739180553157490091e-300 2.772530457502503931e-01 2.772530457502503931e-01 3.300319291665214649e-01 3.984305113315260716e-01 3.937033162609806514e-01 6.890136555192249756e-300 4.986768171497877481e-300 3.433773943624598979e-01 3.632664234136103731e-01
2.621178587332870236e-01 1.361986558208662674e-299 8.758491310371520067e-01 1.361986558208662674e-299 6.719939712627004402e-01 5.561652937489851567e-01 6.476964889054029895e-01 1.000000000000000000e+00 6.541544658464066853e-01 -0.000000000000000000e+00 4.986768171497877481e-300 -0.000000000000000000e+00 6.890136555192249756e-300 3.864840764224961034e-01 1.769001648282476080e-01 1.594665359466240218e-01 1.681790025377916387e-01 1.776980453517090497e-01 1.549872487128265974e-01 1.581795077903333513e-01 1.425614682279230383e-01 1.348510105509481694e-01 2.739180553157490091e-300 2.739180553157490091e-300 5.835552014129111731e-01 2.541741131191505021e-01 5.939285164594581001e-01 2.734993053354212722e-01 5.995189994705812930e-01 6.890136555192249756e-300 6.890136555192249756e-300 4.986768171497877481e-300 4.162861353041623635e-01 -0.000000000000000000e+00 6.890136555192249756e-300 3.720198455536189441e-01 1.262087746657374471e-299 4.986768171497877481e-300 3.392043201499330141e-01 6.487608088015599517e-01 5.238156157980167205e-01 6.066161119458106654e-01 2.634828321499739778e-01 3.720198455536189441e-01 5.238156157980167205e-01 5.423217641934692246e-01 1.348510105509481694e-01 1.348510105509481694e-01 6.634283072151735128e-02 1.464551349655038859e-01 2.739180553157490091e-300 2.739180553157490091e-300 2.739180553157490091e-300 6.049079117869513716e-02 1.228727898773817024e-300 2.541741131191505021e-01 4.190712830515029297e-01 3.928229698366190181e-01 5.238156157980167205e-01 4.243973752516006503e-01 3.392043201499330141e-01 2.752775461758669717e-01 3.990090399380458175e-01 6.890136555192249756e-300 1.549872487128265974e-01 6.890136555192249756e-300 3.511882421555987399e-01 6.890136555192249756e-300 6.262790111652280500e-02 2.595378356572823897e-01 2.739180553157490091e-300 2.734993053354212722e-01 2.734993053354212722e-01 3.247266820742127913e-01 3.928229698366190181e-01 5.995189994705812930e-01 6.890136555192249756e-300 4.986768171497877481e-300 3.392043201499330141e-01 3.585992104342364817e-01
2.667721598507490910e-01 1.106269824585240569e-299 7.198458767910128620e-01 1.106269824585240569e-299 7.951333616078668509e-01 5.613821486410389694e-01 6.547827153056162697e-01 6.541544658464066853e-01 1.000000000000000000e+00 -0.000000000000000000e+00 4.986768171497877481e-300 -0.000000000000000000e+00 6.890136555192249756e-300 3.904774297004152128e-01 1.790079086112617845e-01 1.611773027116520929e-01 1.700829276225944986e-01 1.798249596110508830e-01 1.566027703169605712e-01 1.598626256263843970e-01 1.439271904246845757e-01 1.360723643769523039e-01 2.739180553157490091e-300 2.739180553157490091e-300 3.817063910331061072e-01 2.565582774680635891e-01 3.885613931218045436e-01 2.762617643951912894e-01 3.922567753956681669e-01 6.890136555192249756e-300 6.890136555192249756e-300 4.986768171497877481e-300 4.209227881028508311e-01 -0.000000000000000000e+00 6.890136555192249756e-300 3.757184580331078827e-01 1.106269824585240569e-299 4.986768171497877481e-300 3.422765143627878315e-01 4.248371807307442238e-01 3.422765143627878315e-01 3.969490900480919793e-01 2.660457071234137993e-01 3.757184580331078827e-01 3.422765143627878315e-01 3.544824032974626671e-01 1.360723643769523039e-01 1.360723643769523039e-01 6.700240957077489845e-02 1.478968548977753483e-01 2.739180553157490091e-300 2.739180553157490091e-300 2.739180553157490091e-300 6.103865996323201010e-02 1.228727898773817024e-300 2.565582774680635891e-01 4.237705363076683662e-01 3.969490900480919793e-01 3.422765143627878315e-01 4.292175227072266841e-01 3.422765143627878315e-01 2.780762277813343952e-01 4.032668417299566377e-01 6.890136555192249756e-300 1.566027703169605712e-01 6.890136555192249756e-300 3.544824032974626671e-01 6.890136555192249756e-300 6.321535358072898070e-02 2.620241777766684210e-01 2.739180553157490091e-300 2.762617643951912894e-01 2.762617643951912894e-01 3.286282730794881091e-01 3.969490900480919793e-01 3.922567753956681669e-01 6.890136555192249756e-300 4.986768171497877481e-300 3.422765143627878315e-01 3.620345489413301920e-01
-0.000000000000000000e+00 -0.000000000000000000e+00 -0.000000000000000000e+00 -0.000000000000000000e+00 -0.000000000000000000e+00 -0.000000000000000000e+00 -0.000000000000000000e+00 -0.000000000000000000e+00 -0.000000000000000000e+00 1.000000000000000000e+00 -0.000000000000000000e+00 2.976346364205969541e-01 -0.000000000000000000e+00 -0.000000000000000000e+00 -0.000000000000000000e+00 -0.000000000000000000e+00 -0.000000000000000000e+00 -0.000000000000000000e+00 -0.000000000000000000e+00 -0.000000000000000000e+00 -0.000000000000000000e+00 -0.000000000000000000e+00 -0.000000000000000000e+00 -0.000000000000000000e+00 -0.000000000000000000e+00 -0.000000000000000000e+00 -0.000000000000000000e+00 -0.000000000000000000e+00 -0.000000000000000000e+00 -0.000000000000000000e+00 -0.000000000000000000e+00 -0.000000000000000000e+00 -0.000000000000000000e+00 6.143520562244983617e-300 -0.000000000000000000e+00 -0.000000000000000000e+00 -0.000000000000000000e+00 -0.000000000000000000e+00 -0.000000000000000000e+00 -0.000000000000000000e+00 -0.000000000000000000e+00 -0.000000000000000000e+00 -0.000000000000000000e+00 -0.000000000000000000e+00 -0.000000000000000000e+00 -0.000000000000000000e+00 -0.000000000000000000e+00 -0.000000000000000000e+00 -0.000000000000000000e+00 -0.000000000000000000e+00 -0.000000000000000000e+00 -0.000000000000000000e+00 -0.000000000000000000e+00 -0.000000000000000000e+00 -0.000000000000000000e+00 -0.000000000000000000e+00 -0.000000000000000000e+00 -0.000000000000000000e+00 -0.000000000000000000e+00 -0.000000000000000000e+00 -0.000000000000000000e+00 -0.000000000000000000e+00 -0.000000000000000000e+00 -0.000000000000000000e+00 -0.000000000000000000e+00 -0.000000000000000000e+00 -0.000000000000000000e+00 -0.000000000000000000e+00 -0.000000000000000000e+00 -0.000000000000000000e+00 -0.000000000000000000e+00 -0.000000000000000000e+00 -0.000000000000000000e+00 -0.000000000000000000e+00 -0.000000000000000000e+00 -0.000000000000000000e+00 -0.000000000000000000e+00 -0.000000000000000000e+00 -0.000000000000000000e+00 -0.000000000000000000e+00
2.739180553157490091e-300 2.493384085748938740e-300 4.986768171497877481e-300 2.493384085748938740e-300 4.986768171497877481e-300 4.986768171497877481e-300 4.986768171497877481e-300 4.986768171497877481e-300 4.986768171497877481e-300 -0.000000000000000000e+00 1.000000000000000000e+00 -0.000000000000000000e+00 2.493384085748938740e-300 4.986768171497877481e-300 2.739180553157490091e-300 2.739180553157490091e-300 2.739180553157490091e-300 2.739180553157490091e-300 2.739180553157490091e-300 2.739180553157490091e-300 2.739180553157490091e-300 2.739180553157490091e-300 1.369590276578745045e-300 1.369590276578745045e-300 4.986768171497877481e-300 4.986768171497877481e-300 4.986768171497877481e-300 4.986768171497877481e-300 4.986768171497877481e-300 2.493384085748938740e-300 2.493384085748938740e-300 2.493384085748938740e-300 4.986768171497877481e-300 -0.000000000000000000e+00 2.493384085748938740e-300 4.986768171497877481e-300 2.493384085748938740e-300 2.493384085748938740e-300 4.986768171497877481e-300 4.986768171497877481e-300 4.986768171497877481e-300 4.986768171497877481e-300 4.986768171497877481e-300 4.986768171497877481e-300 4.986768171497877481e-300 4.986768171497877481e-300 2.739180553157490091e-300 2.739180553157490091e-300 1.228727898773817024e-300 2.739180553157490091e-300 1.369590276578745045e-300 1.369590276578745045e-300 1.369590276578745045e-300 1.228727898773817024e-300 6.143639493869085118e-301 4.986768171497877481e-300 4.986768171497877481e-300 4.986768171497877481e-300 4.986768171497877481e-300 4.986768171497877481e-300 4.986768171497877481e-300 4.986768171497877481e-300 4.986768171497877481e-300 2.493384085748938740e-300 2.739180553157490091e-300 2.493384085748938740e-300 4.986768171497877481e-300 2.493384085748938740e-300 1.228727898773817024e-300 4.986768171497877481e-300 1.369590276578745045e-300 4.986768171497877481e-300 4.986768171497877481e-300 4.986768171497877481e-300 4.986768171497877481e-300 4.986768171497877481e-300 2.493384085748938740e-300 2.493384085748938740e-300 4.986768171497877481e-300 4.986768171497877481e-300
-0.000000000000000000e+00 -0.000000000000000000e+00 -0.000000000000000000e+00 -0.000000000000000000e+00 -0.000000000000000000e+00 -0.000000000000000000e+00 -0.000000000000000000e+00 -0.000000000000000000e+00 -0.000000000000000000e+00 2.976346364205969541e-01 -0.000000000000000000e+00 1.000000000000000000e+00 -0.000000000000000000e+00 -0.000000000000000000e+00 -0.000000000000000000e+00 -0.000000000000000000e+00 -0.000000000000000000e+00 -0.000000000000000000e+00 -0.000000000000000000e+00 -0.000000000000000000e+00 -0.000000000000000000e+00 -0.000000000000000000e+00 -0.000000000000000000e+00 -0.000000000000000000e+00 -0.000000000000000000e+00 -0.000000000000000000e+00 -0.000000000000000000e+00 -0.000000000000000000e+00 -0.000000000000000000e+00 -0.000000000000000000e+00 -0.000000000000000000e+00 -0.000000000000000000e+00 -0.000000000000000000e+00 6.143520562244983617e-300 -0.000000000000000000e+00 -0.000000000000000000e+00 -0.000000000000000000e+00 -0.000000000000000000e+00 -0.000000000000000000e+00 -0.000000000000000000e+00 -0.000000000000000000e+00 -0.000000000000000000e+00 -0.000000000000000000e+00 -0.000000000000000000e+00 -0.000000000000000000e+00 -0.000000000000000000e+00 -0.000000000000000000e+00 -0.000000000000000000e+00 -0.000000000000000000e+00 -0.000000000000000000e+00 -0.000000000000000000e+00 -0.000000000000000000e+00 -0.000000000000000000e+00 -0.000000000000000000e+00 -0.000000000000000000e+00 -0.000000000000000000e+00 -0.000000000000000000e+00 -0.000000000000000000e+00 -0.000000000000000000e+00 -0.000000000000000000e+00 -0.000000000000000000e+00 -0.000000000000000000e+00 -0.000000000000000000e+00 -0.000000000000000000e+00 -0.000000000000000000e+00 -0.000000000000000000e+00 -0.000000000000000000e+00 -0.000000000000000000e+00 -0.000000000000000000e+00 -0.000000000000000000e+00 -0.000000000000000000e+00 -0.000000000000000000e+00 -0.000000000000000000e+00 -0.000000000000000000e+00 -0.000000000000000000e+00 -0.000000000000000000e+00 -0.000000000000000000e+00 -0.000000000000000000e+00 -0.000000000000000000e+00 -0.000000000000000000e+00
2.739180553157490091e-300 3.445068277596124878e-300 6.890136555192249756e-300 3.445068277596124878e-300 6.890136555192249756e-300 6.890136555192249756e-300 6.890136555192249756e-300 6.890136555192249756e-300 6.890136555192249756e-300 -0.000000000000000000e+00 2.493384085748938740e-300 -0.000000000000000000e+00 1.000000000000000000e+00 6.890136555192249756e-300 2.739180553157490091e-300 2.739180553157490091e-300 2.739180553157490091e-300 2.739180553157490091e-300 2.739180553157490091e-300 2.739180553157490091e-300 2.739180553157490091e-300 2.739180553157490091e-300 1.369590276578745045e-300 1.369590276578745045e-300 6.890136555192249756e-300 4.986768171497877481e-300 6.890136555192249756e-300 4.986768171497877481e-300 6.890136555192249756e-300 4.367585755674109097e-300 4.367585755674109097e-300 2.493384085748938740e-300 6.890136555192249756e-300 -0.000000000000000000e+00 3.445068277596124878e-300 6.890136555192249756e-300 3.445068277596124878e-300 2.493384085748938740e-300 6.890136555192249756e-300 6.890136555192249756e-300 6.890136555192249756e-300 6.890136555192249756e-300 4.986768171497877481e-300 6.890136555192249756e-300 6.890136555192249756e-300 6.890136555192249756e-300 2.739180553157490091e-300 2.739180553157490091e-300 1.228727898773817024e-300 2.739180553157490091e-300 1.369590276578745045e-300 1.369590276578745045e-300 1.369590276578745045e-300 1.228727898773817024e-300 6.143639493869085118e-301 4.986768171497877481e-300 6.890136555192249756e-300 6.890136555192249756e-300 6.890136555192249756e-300 6.890136555192249756e-300 6.890136555192249756e-300 4.986768171497877481e-300 6.890136555192249756e-300 4.367585755674109097e-300 2.739180553157490091e-300 4.367585755674109097e-300 8.735171511348218194e-300 3.445068277596124878e-300 1.228727898773817024e-300 4.986768171497877481e-300 1.369590276578745045e-300 4.986768171497877481e-300 4.986768171497877481e-300 4.986768171497877481e-300 1.679692803731619972e-299 6.890136555192249756e-300 3.445068277596124878e-300 2.493384085748938740e-300 8.735171511348218194e-300 6.890136555192249756e-300
2.449161645488776851e-01 6.890136555192249756e-300 4.231116900929855484e-01 6.890136555192249756e-300 4.006716715660101347e-01 3.385239939102188123e-01 3.919108528250435097e-01 3.864840764224961034e-01 3.904774297004152128e-01 -0.000000000000000000e+00 4.986768171497877481e-300 -0.000000000000000000e+00 6.890136555192249756e-300 1.000000000000000000e+00 1.688944383604365773e-01 1.529318508193427961e-01 1.609270015743373694e-01 1.696215874213864994e-01 1.488074025219946472e-01 1.517477505646677716e-01 1.373160441626999628e-01 1.301482830978693550e-01 2.739180553157490091e-300 2.739180553157490091e-300 3.632664234136103731e-01 2.450083049294104476e-01 3.694697211053731278e-01 2.629157526185368909e-01 3.728093244606315859e-01 6.890136555192249756e-300 6.890136555192249756e-300 4.986768171497877481e-300 3.986098904535530507e-01 -0.000000000000000000e+00 6.890136555192249756e-300 3.578389483557010142e-01 6.890136555192249756e-300 4.986768171497877481e-300 3.273750764382639122e-01 4.021185530715305489e-01 3.273750764382639122e-01 3.770453859836209731e-01 2.536463549266992357e-01 3.578389483557010142e-01 3.273750764382639122e-01 3.385239939102188123e-01 1.301482830978693550e-01 1.301482830978693550e-01 6.381393105789681663e-02 1.409248275082767565e-01 2.739180553157490091e-300 2.739180553157490091e-300 2.739180553157490091e-300 5.838126524209097390e-02 1.228727898773817024e-300 2.450083049294104476e-01 8.527432793521262377e-01 8.014773825195199430e-01 3.273750764382639122e-01 7.290945207819863327e-01 5.878409042535056583e-01 2.645586184077537983e-01 3.827409107389957987e-01 6.890136555192249756e-300 1.488074025219946472e-01 6.890136555192249756e-300 3.385239939102188123e-01 6.890136555192249756e-300 6.036946762809369815e-02 2.499883688489294153e-01 2.739180553157490091e-300 2.629157526185368909e-01 2.629157526185368909e-01 3.099145172043211161e-01 3.770453859836209731e-01 3.728093244606315859e-01 6.890136555192249756e-300 4.986768171497877481e-300 3.273750764382639122e-01 3.454048673093856325e-01
4.124201768566034820e-01 2.739180553157490091e-300 1.964833412769049770e-01 2.739180553157490091e-300 1.844186218814050648e-01 1.520917053467081281e-01 1.797660991540711573e-01 1.769001648282476080e-01 1.790079086112617845e-01 -0.000000000000000000e+00 2.739180553157490091e-300 -0.000000000000000000e+00 2.739180553157490091e-300 1.688944383604365773e-01 1.000000000000000000e+00 6.677515646082783363e-01 7.082345746027882694e-01 7.529944337556155887e-01 6.471157677669431285e-01 6.618100454590650772e-01 5.904915539971388183e-01 5.558065230476939567e-01 1.039536387446519639e-299 1.039536387446519639e-299 1.647749862324175141e-01 1.520917053467081281e-01 1.679931530105549242e-01 1.647749862324175141e-01 1.697321229065637815e-01 2.739180553157490091e-300 2.739180553157490091e-300 2.739180553157490091e-300 1.833208059012806368e-01 -0.000000000000000000e+00 2.739180553157490091e-300 1.619719847533034607e-01 2.739180553157490091e-300 2.739180553157490091e-300 1.464551349655038859e-01 1.851900934207066918e-01 1.464551349655038859e-01 1.719444081970090688e-01 1.581795077903333790e-01 1.619719847533034607e-01 1.464551349655038859e-01 1.520917053467081281e-01 1.949453571601953428e-01 1.464551349655038859e-01 7.265658200469438111e-02 1.602443969952926095e-01 3.646103165910329663e-300 2.739180553157490091e-300 3.646103165910329663e-300 6.569611121229834705e-02 1.228727898773817024e-300 1.520917053467081281e-01 1.846803963834699747e-01 1.719444081970090688e-01 1.464551349655038859e-01 1.872858358676543766e-01 1.464551349655038859e-01 1.659507841222111202e-01 1.749304498850710876e-01 2.739180553157490091e-300 6.471157677669431285e-01 2.739180553157490091e-300 1.520917053467081281e-01 2.739180553157490091e-300 6.822453573429794471e-02 1.555946478685356349e-01 3.646103165910329663e-300 1.647749862324175141e-01 1.647749862324175141e-01 1.992511134382249083e-01 1.719444081970090688e-01 1.697321229065637815e-01 2.739180553157490091e-300 2.739180553157490091e-300 1.464551349655038859e-01 1.555946478685356349e-01
3.461413140875785333e-01 2.739180553157490091e-300 1.752083000788000888e-01 2.739180553157490091e-300 1.655506327969732960e-01 1.390243857439988073e-01 1.617917130387575286e-01 1.594665359466240218e-01 1.611773027116520929e-01 -0.000000000000000000e+00 2.739180553157490091e-300 -0.000000000000000000e+00 2.739180553157490091e-300 1.529318508193427961e-01 6.677515646082783363e-01 1.000000000000000000e+00 8.863288628086227749e-01 7.243463550283307795e-01 6.322055776609536437e-01 6.451646632508916124e-01 5.817388162747300084e-01 7.114033416714451441e-01 1.122605430788093989e-299 1.122605430788093989e-299 1.495464745051865996e-01 1.390243857439988073e-01 1.521925067446436575e-01 1.495464745051865996e-01 1.536183533806043111e-01 2.739180553157490091e-300 2.739180553157490091e-300 2.739180553157490091e-300 1.646654228670798581e-01 -0.000000000000000000e+00 2.739180553157490091e-300 1.472340027481468805e-01 2.739180553157490091e-300 2.739180553157490091e-300 1.342997220542226366e-01 1.661720542178359850e-01 1.342997220542226366e-01 1.554282851067599336e-01 1.440935979489483820e-01 1.472340027481468805e-01 1.342997220542226366e-01 1.390243857439988073e-01 1.787653760896953659e-01 1.342997220542226366e-01 6.604549182281939379e-02 1.458051145854850628e-01 3.646103165910329663e-300 2.739180553157490091e-300 3.646103165910329663e-300 6.024349694487075163e-02 1.228727898773817024e-300 1.390243857439988073e-01 1.657615521457062591e-01 1.554282851067599336e-01 1.342997220542226366e-01 1.678574967773061033e-01 1.342997220542226366e-01 1.505143425439559590e-01 1.578641657883376737e-01 2.739180553157490091e-300 6.322055776609536437e-01 2.739180553157490091e-300 1.390243857439988073e-01 2.739180553157490091e-300 6.236286292870842074e-02 1.419454786921826028e-01 3.646103165910329663e-300 1.495464745051865996e-01 1.495464745051865996e-01 1.774057870229538425e-01 1.554282851067599336e-01 1.536183533806043111e-01 2.739180553157490091e-300 2.739180553157490091e-300 1.342997220542226366e-01 1.419454786921826028e-01
3.780809317258211344e-01 2.739180553157490091e-300 1.857828034809573259e-01 2.739180553157490091e-300 1.749602058713460306e-01 1.456002509375181886e-01 1.707672546125726387e-01 1.681790025377916387e-01 1.700829276225944986e-01 -0.000000000000000000e+00 2.739180553157490091e-300 -0.000000000000000000e+00 2.739180553157490091e-300 1.609270015743373694e-01 7.082345746027882694e-01 8.863288628086227749e-01 1.000000000000000000e+00 7.684694750222457182e-01 6.655588217150649744e-01 6.799368889727736009e-01 6.098612156840046428e-01 7.438570548239002989e-01 1.122605430788093989e-299 1.122605430788093989e-299 1.571827364524636950e-01 1.456002509375181886e-01 1.601085390550809617e-01 1.571827364524636950e-01 1.616873384314786166e-01 2.739180553157490091e-300 2.739180553157490091e-300 2.739180553157490091e-300 1.739718094152174488e-01 -0.000000000000000000e+00 2.739180553157490091e-300 1.546300881220942780e-01 2.739180553157490091e-300 2.739180553157490091e-300 1.404263796065498837e-01 1.756544236929776792e-01 1.404263796065498837e-01 1.636936429808028559e-01 1.511699588395152005e-01 1.546300881220942780e-01 1.404263796065498837e-01 1.456002509375181886e-01 1.869205250711084287e-01 1.404263796065498837e-01 6.936319077121713694e-02 1.530548060317157011e-01 3.646103165910329663e-300 2.739180553157490091e-300 3.646103165910329663e-300 6.299176231646159974e-02 1.228727898773817024e-300 1.456002509375181886e-01 1.751958001523299391e-01 1.636936429808028559e-01 1.404263796065498837e-01 1.775387998328814554e-01 1.404263796065498837e-01 1.582523257042777465e-01 1.663977359799321543e-01 2.739180553157490091e-300 6.655588217150649744e-01 2.739180553157490091e-300 1.456002509375181886e-01 2.739180553157490091e-300 6.531263161501829617e-02 1.488074025219946472e-01 3.646103165910329663e-300 1.571827364524636950e-01 1.571827364524636950e-01 1.882554204583530844e-01 1.636936429808028559e-01 1.616873384314786166e-01 2.739180553157490091e-300 2.739180553157490091e-300 1.404263796065498837e-01 1.488074025219946472e-01
4.156892708076805887e-01 2.739180553157490091e-300 1.974681451714436486e-01 2.739180553157490091e-300 1.852859315609928503e-01 1.526811157951715459e-01 1.805901020035267091e-01 1.776980453517090497e-01 1.798249596110508830e-01 -0.000000000000000000e+00 2.739180553157490091e-300 -0.000000000000000000e+00 2.739180553157490091e-300 1.696215874213864994e-01 7.529944337556155887e-01 7.243463550283307795e-01 7.684694750222457182e-01 1.000000000000000000e+00 7.773467285554550577e-01 7.950766831184681305e-01 6.402059323871823748e-01 6.024604034055853763e-01 1.369155784563289774e-299 1.243336752749870858e-299 1.654670238707304508e-01 1.526811157951715459e-01 1.687125455592276557e-01 1.654670238707304508e-01 1.704665185815300021e-01 2.739180553157490091e-300 2.739180553157490091e-300 2.739180553157490091e-300 1.841777963980245902e-01 -0.000000000000000000e+00 2.739180553157490091e-300 1.626406302564897821e-01 2.739180553157490091e-300 2.739180553157490091e-300 1.470015889641194118e-01 1.860646918529079985e-01 1.470015889641194118e-01 1.726981153388702506e-01 1.588171463672216344e-01 1.626406302564897821e-01 1.470015889641194118e-01 1.526811157951715459e-01 1.956727380741988820e-01 1.470015889641194118e-01 7.295651965692677432e-02 1.608988262494387145e-01 3.646103165910329663e-300 2.739180553157490091e-300 3.646103165910329663e-300 6.594123681116455249e-02 1.228727898773817024e-300 1.526811157951715459e-01 1.855501758363455878e-01 1.726981153388702506e-01 1.470015889641194118e-01 1.881803892700677494e-01 1.470015889641194118e-01 1.666527544916633352e-01 1.757106219661707935e-01 2.739180553157490091e-300 7.018642834708103129e-01 2.739180553157490091e-300 1.526811157951715459e-01 2.739180553157490091e-300 6.848893052237460533e-02 1.562115763844055816e-01 3.646103165910329663e-300 1.654670238707304508e-01 1.654670238707304508e-01 2.002639292330742893e-01 1.726981153388702506e-01 1.704665185815300021e-01 2.739180553157490091e-300 2.739180553157490091e-300 1.470015889641194118e-01 1.562115763844055816e-01
3.305622355989987216e-01 2.739180553157490091e-300 1.698159685461418933e-01 2.739180553157490091e-300 1.607281986498725057e-01 1.356075949993065521e-01 1.571827364524636950e-01 1.549872487128265974e-01 1.566027703169605712e-01 -0.000000000000000000e+00 2.739180553157490091e-300 -0.000000000000000000e+00 2.739180553157490091e-300 1.488074025219946472e-01 6.471157677669431285e-01 6.322055776609536437e-01 6.655588217150649744e-01 7.773467285554550577e-01 1.000000000000000000e+00 7.916114937496578907e-01 5.671485973205274700e-01 5.373255727506101032e-01 1.243336752749870858e-299 1.413055896570431563e-299 1.456002509375182163e-01 1.356075949993065521e-01 1.481073084385123584e-01 1.456002509375182163e-01 1.494572968864449625e-01 2.739180553157490091e-300 2.739180553157490091e-300 2.739180553157490091e-300 1.598936793370756004e-01 -0.000000000000000000e+00 2.739180553157490091e-300 1.434073168783945029e-01 2.739180553157490091e-300 2.739180553157490091e-300 1.311085550832782609e-01 1.613138797366913679e-01 1.311085550832782609e-01 1.511699588395152005e-01 1.404263796065498837e-01 1.434073168783945029e-01 1.311085550832782609e-01 1.356075949993065521e-01 1.745176371145129579e-01 1.311085550832782609e-01 6.432893623374430492e-02 1.420513965283682900e-01 3.646103165910329663e-300 2.739180553157490091e-300 3.646103165910329663e-300 5.881201924168502626e-02 1.228727898773817024e-300 1.356075949993065521e-01 1.609270015743374249e-01 1.511699588395152005e-01 1.311085550832782609e-01 1.629017414930954422e-01 1.311085550832782609e-01 1.465175561753587763e-01 1.534732055300621067e-01 2.739180553157490091e-300 6.150115161787317319e-01 2.739180553157490091e-300 1.356075949993065521e-01 2.739180553157490091e-300 6.083017604268475126e-02 1.383854349822920271e-01 3.646103165910329663e-300 1.456002509375182163e-01 1.456002509375182163e-01 1.718794776853689033e-01 1.511699588395152005e-01 1.494572968864449625e-01 2.739180553157490091e-300 2.739180553157490091e-300 1.311085550832782609e-01 1.383854349822920271e-01
3.416087660081527089e-01 2.739180553157490091e-300 1.736558687125543676e-01 2.739180553157490091e-300 1.641639507009951815e-01 1.380451653403139967e-01 1.604670349001608987e-01 1.581795077903333513e-01 1.598626256263843970e-01 -0.000000000000000000e+00 2.739180553157490091e-300 -0.000000000000000000e+00 2.739180553157490091e-300 1.517477505646677716e-01 6.618100454590650772e-01 6.451646632508916124e-01 6.799368889727736009e-01 7.950766831184681305e-01 7.916114937496578907e-01 1.000000000000000000e+00 5.775558552038644322e-01 5.466580889372629759e-01 1.243336752749870858e-299 1.413055896570431563e-299 1.484140235917843220e-01 1.380451653403139967e-01 1.510197839066992620e-01 1.484140235917843220e-01 1.524236400693069204e-01 2.739180553157490091e-300 2.739180553157490091e-300 2.739180553157490091e-300 1.632934690348149531e-01 -0.000000000000000000e+00 2.739180553157490091e-300 1.461361752023443428e-01 2.739180553157490091e-300 2.739180553157490091e-300 1.333857084044198504e-01 1.647749862324175141e-01 1.333857084044198504e-01 1.542053657783434562e-01 1.430419355854946617e-01 1.461361752023443428e-01 1.333857084044198504e-01 1.380451653403139967e-01 1.775487392168942358e-01 1.333857084044198504e-01 6.555303383861860178e-02 1.447284142946798080e-01 3.646103165910329663e-300 2.739180553157490091e-300 3.646103165910329663e-300 5.983349327786961769e-02 1.228727898773817024e-300 1.380451653403139967e-01 1.643713492372696761e-01 1.542053657783434562e-01 1.333857084044198504e-01 1.664320663809650547e-01 1.333857084044198504e-01 1.493672419207795754e-01 1.566027703169605712e-01 2.739180553157490091e-300 6.272684590337170851e-01 2.739180553157490091e-300 1.380451653403139967e-01 2.739180553157490091e-300 6.192360914250978621e-02 1.409248275082767565e-01 3.646103165910329663e-300 1.484140235917843220e-01 1.484140235917843220e-01 1.758143466854791837e-01 1.542053657783434562e-01 1.524236400693069204e-01 2.739180553157490091e-300 2.739180553157490091e-300 1.333857084044198504e-01 1.409248275082767565e-01
2.900535069359398421e-01 2.739180553157490091e-300 1.550122725361232356e-01 2.739180553157490091e-300 1.474043996489036723e-01 1.259986552023618922e-01 1.444169233307556754e-01 1.425614682279230383e-01 1.439271904246845757e-01 -0.000000000000000000e+00 2.739180553157490091e-300 -0.000000000000000000e+00 2.739180553157490091e-300 1.373160441626999628e-01 5.904915539971388183e-01 5.817388162747300084e-01 6.098612156840046428e-01 6.402059323871823748e-01 5.671485973205274700e-01 5.775558552038644322e-01 1.000000000000000000e+00 5.004279696517059950e-01 1.122605430788093989e-299 1.122605430788093989e-299 1.345805461863161800e-01 1.259986552023618922e-01 1.367196852483970326e-01 1.345805461863161800e-01 1.378692539064239608e-01 2.739180553157490091e-300 2.739180553157490091e-300 2.739180553157490091e-300 1.467022008316853088e-01 -0.000000000000000000e+00 2.739180553157490091e-300 1.327048554276310244e-01 2.739180553157490091e-300 2.739180553157490091e-300 1.221054633384174720e-01 1.478968548977753483e-01 1.221054633384174720e-01 1.393253383555234926e-01 1.301482830978693550e-01 1.327048554276310244e-01 1.221054633384174720e-01 1.259986552023618922e-01 1.625336876533944319e-01 1.221054633384174720e-01 5.952807965824556680e-02 1.315429474256953890e-01 3.646103165910329663e-300 2.739180553157490091e-300 3.646103165910329663e-300 5.477345742093210623e-02 1.228727898773817024e-300 1.259986552023618922e-01 1.475715914510405402e-01 1.393253383555234926e-01 1.221054633384174720e-01 1.492304736119751396e-01 1.221054633384174720e-01 1.353638805270586387e-01 1.412794597006949704e-01 2.739180553157490091e-300 5.671485973205274700e-01 2.739180553157490091e-300 1.259986552023618922e-01 2.739180553157490091e-300 5.651984593591830031e-02 1.283932999781027540e-01 3.646103165910329663e-300 1.345805461863161800e-01 1.345805461863161800e-01 1.567298712452083187e-01 1.393253383555234926e-01 1.378692539064239608e-01 2.739180553157490091e-300 2.739180553157490091e-300 1.221054633384174720e-01 1.283932999781027540e-01
2.667412755942712432e-01 2.739180553157490091e-300 1.459390533809367674e-01 2.739180553157490091e-300 1.391763003034110768e-01 1.199376422795025848e-01 1.365100203018104752e-01 1.348510105509481694e-01 1.360723643769523039e-01 -0.000000000000000000e+00 2.739180553157490091e-300 -0.000000000000000000e+00 2.739180553157490091e-300 1.301482830978693550e-01 5.558065230476939567e-01 7.114033416714451441e-01 7.438570548239002989e-01 6.024604034055853763e-01 5.373255727506101032e-01 5.466580889372629759e-01 5.004279696517059950e-01 1.000000000000000000e+00 1.122605430788093989e-299 1.122605430788093989e-299 1.276883541672742817e-01 1.199376422795025848e-01 1.296124364727131717e-01 1.276883541672742817e-01 1.306451417070443044e-01 2.739180553157490091e-300 2.739180553157490091e-300 2.739180553157490091e-300 1.385501403683643273e-01 -0.000000000000000000e+00 2.739180553157490091e-300 1.259986552023618922e-01 2.739180553157490091e-300 2.739180553157490091e-300 1.164047451416002771e-01 1.396152305116888370e-01 1.164047451416002771e-01 1.319519081425615803e-01 1.236916992975299889e-01 1.259986552023618922e-01 1.164047451416002771e-01 1.199376422795025848e-01 1.549455034274885568e-01 1.164047451416002771e-01 5.651984593591830031e-02 1.249507496614606777e-01 3.646103165910329663e-300 2.739180553157490091e-300 3.646103165910329663e-300 5.221625779296215630e-02 1.228727898773817024e-300 1.199376422795025848e-01 1.393253383555234926e-01 1.319519081425615803e-01 1.164047451416002771e-01 1.408030765876273349e-01 1.164047451416002771e-01 1.283932999781027817e-01 1.337033689443444529e-01 2.739180553157490091e-300 5.373255727506101032e-01 2.739180553157490091e-300 1.199376422795025848e-01 2.739180553157490091e-300 5.380102710356304135e-02 1.221054633384174720e-01 3.646103165910329663e-300 1.276883541672742817e-01 1.276883541672742817e-01 1.474604800095095924e-01 1.319519081425615803e-01 1.306451417070443044e-01 2.739180553157490091e-300 2.739180553157490091e-300 1.164047451416002771e-01 1.221054633384174720e-01
3.646103165910329663e-300 1.369590276578745045e-300 2.739180553157490091e-300 1.369590276578745045e-300 2.739180553157490091e-300 2.739180553157490091e-300 2.739180553157490091e-300 2.739180553157490091e-300 2.739180553157490091e-300 -0.000000000000000000e+00 1.369590276578745045e-300 -0.000000000000000000e+00 1.369590276578745045e-300 2.739180553157490091e-300 1.039536387446519639e-299 1.122605430788093989e-299 1.122605430788093989e-299 1.369155784563289774e-299 1.243336752749870858e-299 1.243336752749870858e-299 1.122605430788093989e-299 1.122605430788093989e-299 1.000000000000000000e+00 6.216683763749354290e-300 2.739180553157490091e-300 2.739180553157490091e-300 2.739180553157490091e-300 2.739180553157490091e-300 2.739180553157490091e-300 1.369590276578745045e-300 1.369590276578745045e-300 1.369590276578745045e-300 2.739180553157490091e-300 -0.000000000000000000e+00 1.369590276578745045e-300 2.739180553157490091e-300 1.369590276578745045e-300 1.369590276578745045e-300 2.739180553157490091e-300 2.739180553157490091e-300 2.739180553157490091e-300 2.739180553157490091e-300 2.739180553157490091e-300 2.739180553157490091e-300 2.739180553157490091e-300 2.739180553157490091e-300 3.646103165910329663e-300 2.739180553157490091e-300 1.228727898773817024e-300 2.739180553157490091e-300 1.823051582955164832e-300 1.369590276578745045e-300 1.823051582955164832e-300 1.228727898773817024e-300 6.143639493869085118e-301 2.739180553157490091e-300 2.739180553157490091e-300 2.739180553157490091e-300 2.739180553157490091e-300 2.739180553157490091e-300 2.739180553157490091e-300 2.739180553157490091e-300 2.739180553157490091e-300 1.369590276578745045e-300 1.122605430788093989e-299 1.369590276578745045e-300 2.739180553157490091e-300 1.369590276578745045e-300 1.228727898773817024e-300 2.739180553157490091e-300 1.823051582955164832e-300 2.739180553157490091e-300 2.739180553157490091e-300 2.739180553157490091e-300 2.739180553157490091e-300 2.739180553157490091e-300 1.369590276578745045e-300 1.369590276578745045e-300 2.739180553157490091e-300 2.739180553157490091e-300
3.646103165910329663e-300 1.369590276578745045e-300 2.739180553157490091e-300 1.369590276578745045e-300 2.739180553157490091e-300 2.739180553157490091e-300 2.739180553157490091e-300 2.739180553157490091e-300 2.739180553157490091e-300 -0.000000000000000000e+00 1.369590276578745045e-300 -0.000000000000000000e+00 1.369590276578745045e-300 2.739180553157490091e-300 1.039536387446519639e-299 1.122605430788093989e-299 1.122605430788093989e-299 1.243336752749870858e-299 1.413055896570431563e-299 1.413055896570431563e-299 1.122605430788093989e-299 1.122605430788093989e-299 6.216683763749354290e-300 1.000000000000000000e+00 2.739180553157490091e-300 2.739180553157490091e-300 2.739180553157490091e-300 2.739180553157490091e-300 2.739180553157490091e-300 1.369590276578745045e-300 1.369590276578745045e-300 1.369590276578745045e-300 2.739180553157490091e-300 -0.000000000000000000e+00 1.369590276578745045e-300 2.739180553157490091e-300 1.369590276578745045e-300 1.369590276578745045e-300 2.739180553157490091e-300 2.739180553157490091e-300 2.739180553157490091e-300 2.739180553157490091e-300 2.739180553157490091e-300 2.739180553157490091e-300 2.739180553157490091e-300 2.739180553157490091e-300 3.646103165910329663e-300 2.739180553157490091e-300 1.228727898773817024e-300 2.739180553157490091e-300 1.823051582955164832e-300 1.369590276578745045e-300 1.823051582955164832e-300 1.228727898773817024e-300 6.143639493869085118e-301 2.739180553157490091e-300 2.739180553157490091e-300 2.739180553157490091e-300 2.739180553157490091e-300 2.739180553157490091e-300 2.739180553157490091e-300 2.739180553157490091e-300 2.739180553157490091e-300 1.369590276578745045e-300 1.122605430788093989e-299 1.369590276578745045e-300 2.739180553157490091e-300 1.369590276578745045e-300 1.228727898773817024e-300 2.739180553157490091e-300 1.823051582955164832e-300 2.739180553157490091e-300 2.739180553157490091e-300 2.739180553157490091e-300 2.739180553157490091e-300 2.739180553157490091e-300 1.369590276578745045e-300 1.369590276578745045e-300 2.739180553157490091e-300 2.739180553157490091e-300
2.363477256377067015e-01 1.064008005851799155e-299 6.375159448339010604e-01 1.064008005851799155e-299 3.914420940415492267e-01 3.319119160554877546e-01 3.830760283745832662e-01 5.835552014129111731e-01 3.817063910331061072e-01 -0.000000000000000000e+00 4.986768171497877481e-300 -0.000000000000000000e+00 6.890136555192249756e-300 3.632664234136103731e-01 1.647749862324175141e-01 1.495464745051865996e-01 1.571827364524636950e-01 1.654670238707304508e-01 1.456002509375182163e-01 1.484140235917843220e-01 1.345805461863161800e-01 1.276883541672742817e-01 2.739180553157490091e-300 2.739180553157490091e-300 1.000000000000000000e+00 2.402227830272950226e-01 5.584117736225028272e-01 2.574129825938225591e-01 5.633508497893784384e-01 6.890136555192249756e-300 6.890136555192249756e-300 4.986768171497877481e-300 3.894739729506982995e-01 -0.000000000000000000e+00 6.890136555192249756e-300 3.504590472363533493e-01 1.064008005851799155e-299 4.986768171497877481e-300 3.211873695971320108e-01 6.066161119458106654e-01 4.959929747289220647e-01 5.696130023506034146e-01 2.485209759345345104e-01 3.504590472363533493e-01 4.959929747289220647e-01 5.125543348694856505e-01 1.276883541672742817e-01 1.276883541672742817e-01 6.249786274446096634e-02 1.380451653403139967e-01 2.739180553157490091e-300 2.739180553157490091e-300 2.739180553157490091e-300 5.727780263808743971e-02 1.228727898773817024e-300 2.402227830272950226e-01 3.919108528250435097e-01 3.688610751257220821e-01 4.959929747289220647e-01 3.965651046275435743e-01 3.211873695971320108e-01 2.589875924647319638e-01 3.743102376431965972e-01 6.890136555192249756e-300 1.456002509375182163e-01 6.890136555192249756e-300 3.319119160554877546e-01 6.890136555192249756e-300 5.919032633475457966e-02 2.450083049294104476e-01 2.739180553157490091e-300 2.574129825938225591e-01 2.574129825938225591e-01 3.022970577903023037e-01 3.688610751257220821e-01 5.633508497893784384e-01 6.890136555192249756e-300 4.986768171497877481e-300 3.211873695971320108e-01 3.385239939102188123e-01
2.110972896266267440e-01 4.986768171497877481e-300 2.758748278237292961e-01 4.986768171497877481e-300 2.626242418033233883e-01 2.251848014999924541e-01 2.574129825938225591e-01 2.541741131191505021e-01 2.565582774680635891e-01 -0.000000000000000000e+00 4.986768171497877481e-300 -0.000000000000000000e+00 4.986768171497877481e-300 2.450083049294104476e-01 1.520917053467081281e-01 1.390243857439988073e-01 1.456002509375181886e-01 1.526811157951715459e-01 1.356075949993065521e-01 1.380451653403139967e-01 1.259986552023618922e-01 1.199376422795025848e-01 2.739180553157490091e-300 2.739180553157490091e-300 2.402227830272950226e-01 1.000000000000000000e+00 2.439653493402921536e-01 5.074902658040765235e-01 2.459756367892048934e-01 4.986768171497877481e-300 4.986768171497877481e-300 4.986768171497877481e-300 2.613997539398009717e-01 -0.000000000000000000e+00 4.986768171497877481e-300 2.369392243893586603e-01 4.986768171497877481e-300 4.986768171497877481e-300 2.183504173883252797e-01 2.634828321499739778e-01 2.183504173883252797e-01 2.485209759345345104e-01 2.324608429693759970e-01 2.369392243893586603e-01 2.183504173883252797e-01 2.251848014999924541e-01 1.199376422795025848e-01 1.199376422795025848e-01 5.838126524209097390e-02 1.290305238682722400e-01 2.739180553157490091e-300 2.739180553157490091e-300 2.739180553157490091e-300 5.380102710356304135e-02 1.228727898773817024e-300 2.251848014999924541e-01 2.629157526185368909e-01 2.485209759345345104e-01 2.183504173883252797e-01 2.658073668970948877e-01 2.183504173883252797e-01 2.415935482919914223e-01 2.519352299625155500e-01 4.986768171497877481e-300 1.356075949993065521e-01 4.986768171497877481e-300 2.251848014999924541e-01 4.986768171497877481e-300 5.548500320594912383e-02 2.293846905018341598e-01 2.739180553157490091e-300 2.402227830272950226e-01 2.402227830272950226e-01 2.788623232020047138e-01 2.485209759345345104e-01 2.459756367892048934e-01 4.986768171497877481e-300 4.986768171497877481e-300 2.183504173883252797e-01 2.293846905018341598e-01
2.430254559553841620e-01 1.064008005851799155e-299 6.499167599851136679e-01 1.064008005851799155e-299 3.986545430552846381e-01 3.370829591191694674e-01 3.899807578439923872e-01 5.939285164594581001e-01 3.885613931218045436e-01 -0.000000000000000000e+00 4.986768171497877481e-300 -0.000000000000000000e+00 6.890136555192249756e-300 3.694697211053731278e-01 1.679931530105549242e-01 1.521925067446436575e-01 1.601085390550809617e-01 1.687125455592276557e-01 1.481073084385123584e-01 1.510197839066992620e-01 1.367196852483970326e-01 1.296124364727131717e-01 2.739180553157490091e-300 2.739180553157490091e-300 5.584117736225028272e-01 2.439653493402921536e-01 1.000000000000000000e+00 2.617151416131580643e-01 5.730123457979316992e-01 6.890136555192249756e-300 6.890136555192249756e-300 4.986768171497877481e-300 3.966134163383954192e-01 -0.000000000000000000e+00 6.890136555192249756e-300 3.562291728914959155e-01 1.064008005851799155e-299 4.986768171497877481e-300 3.260272074868327263e-01 6.178333709860723832e-01 5.034668850359476089e-01 5.794923680265791077e-01 2.525287294786134340e-01 3.562291728914959155e-01 5.034668850359476089e-01 5.205397081262980175e-01 1.296124364727131717e-01 1.296124364727131717e-01 6.352685749879009858e-02 1.402967827348902130e-01 2.739180553157490091e-300 2.739180553157490091e-300 2.739180553157490091e-300 5.814089784570512787e-02 1.228727898773817024e-300 2.439653493402921536e-01 3.991407457756346311e-01 3.752586001642350122e-01 5.034668850359476089e-01 4.039693607939084941e-01 3.260272074868327263e-01 2.633429908403209230e-01 3.808998677895986118e-01 6.890136555192249756e-300 1.481073084385123584e-01 6.890136555192249756e-300 3.370829591191694674e-01 6.890136555192249756e-300 6.011248583438284776e-02 2.489026778567066389e-01 2.739180553157490091e-300 2.617151416131580643e-01 2.617151416131580643e-01 3.082476593324197656e-01 3.752586001642350122e-01 5.730123457979316992e-01 6.890136555192249756e-300 4.986768171497877481e-300 3.260272074868327263e-01 3.439047857062518809e-01
2.363477256377067015e-01 4.986768171497877481e-300 2.987895020559556691e-01 4.986768171497877481e-300 2.833080244367393030e-01 2.402227830272950226e-01 2.772530457502503931e-01 2.734993053354212722e-01 2.762617643951912894e-01 -0.000000000000000000e+00 4.986768171497877481e-300 -0.000000000000000000e+00 4.986768171497877481e-300 2.629157526185368909e-01 1.647749862324175141e-01 1.495464745051865996e-01 1.571827364524636950e-01 1.654670238707304508e-01 1.456002509375182163e-01 1.484140235917843220e-01 1.345805461863161800e-01 1.276883541672742817e-01 2.739180553157490091e-300 2.739180553157490091e-300 2.574129825938225591e-01 5.074902658040765235e-01 2.617151416131580643e-01 1.000000000000000000e+00 2.640299764348999489e-01 4.986768171497877481e-300 4.986768171497877481e-300 4.986768171497877481e-300 2.818835877024465364e-01 -0.000000000000000000e+00 4.986768171497877481e-300 2.536463549266992357e-01 4.986768171497877481e-300 4.986768171497877481e-300 2.324608429693759970e-01 2.843074396745195465e-01 2.324608429693759970e-01 2.669649076483527339e-01 2.485209759345345104e-01 2.536463549266992357e-01 2.324608429693759970e-01 2.402227830272950226e-01 1.276883541672742817e-01 1.276883541672742817e-01 6.249786274446096634e-02 1.380451653403139967e-01 2.739180553157490091e-300 2.739180553157490091e-300 2.739180553157490091e-300 5.727780263808743971e-02 1.228727898773817024e-300 2.402227830272950226e-01 2.836472907724518766e-01 2.669649076483527339e-01 2.324608429693759970e-01 2.870158270220496410e-01 2.324608429693759970e-01 2.589875924647319638e-01 2.709087642012368291e-01 4.986768171497877481e-300 1.456002509375182163e-01 4.986768171497877481e-300 2.402227830272950226e-01 4.986768171497877481e-300 5.919032633475457966e-02 5.711574188254275874e-01 2.739180553157490091e-300 2.574129825938225591e-01 6.000749025744307463e-01 3.022970577903023037e-01 2.669649076483527339e-01 2.640299764348999489e-01 4.986768171497877481e-300 4.986768171497877481e-300 5.419070797890904734e-01 2.450083049294104476e-01
2.466816142270202572e-01 1.064008005851799155e-299 6.566168706669817112e-01 1.064008005851799155e-299 4.025453601264595282e-01 3.398605406232315107e-01 3.937033162609806514e-01 5.995189994705812930e-01 3.922567753956681669e-01 -0.000000000000000000e+00 4.986768171497877481e-300 -0.000000000000000000e+00 6.890136555192249756e-300 3.728093244606315859e-01 1.697321229065637815e-01 1.536183533806043111e-01 1.616873384314786166e-01 1.704665185815300021e-01 1.494572968864449625e-01 1.524236400693069204e-01 1.378692539064239608e-01 1.306451417070443044e-01 2.739180553157490091e-300 2.739180553157490091e-300 5.633508497893784384e-01 2.459756367892048934e-01 5.730123457979316992e-01 2.640299764348999489e-01 1.000000000000000000e+00 6.890136555192249756e-300 6.890136555192249756e-300 4.986768171497877481e-300 4.004643007058008575e-01 -0.000000000000000000e+00 6.890136555192249756e-300 3.593326996386071448e-01 1.064008005851799155e-299 4.986768171497877481e-300 3.286248749087926080e-01 6.238852225093464154e-01 5.074783279316952278e-01 5.848131696600372686e-01 2.546832423057092676e-01 3.593326996386071448e-01 5.074783279316952278e-01 5.248289829956048758e-01 1.306451417070443044e-01 1.306451417070443044e-01 6.408031385893910026e-02 1.415075586960959642e-01 2.739180553157490091e-300 2.739180553157490091e-300 2.739180553157490091e-300 5.860414358946221952e-02 1.228727898773817024e-300 2.459756367892048934e-01 4.030411056131096847e-01 3.787041616295613866e-01 5.074783279316952278e-01 4.079651332111488560e-01 3.286248749087926080e-01 2.656868403726368455e-01 3.844502923342423273e-01 6.890136555192249756e-300 1.494572968864449625e-01 6.890136555192249756e-300 3.398605406232315107e-01 6.890136555192249756e-300 6.060781591352144837e-02 2.509955053587828444e-01 2.739180553157490091e-300 2.640299764348999489e-01 2.640299764348999489e-01 3.114638766979498929e-01 3.787041616295613866e-01 5.782142817045399230e-01 6.890136555192249756e-300 4.986768171497877481e-300 3.286248749087926080e-01 3.467964114606200687e-01
2.739180553157490091e-300 3.445068277596124878e-300 6.890136555192249756e-300 3.445068277596124878e-300 6.890136555192249756e-300 6.890136555192249756e-300 6.890136555192249756e-300 6.890136555192249756e-300 6.890136555192249756e-300 -0.000000000000000000e+00 2.493384085748938740e-300 -0.000000000000000000e+00 4.367585755674109097e-300 6.890136555192249756e-300 2.739180553157490091e-300 2.739180553157490091e-300 2.739180553157490091e-300 2.739180553157490091e-300 2.739180553157490091e-300 2.739180553157490091e-300 2.739180553157490091e-300 2.739180553157490091e-300 1.369590276578745045e-300 1.369590276578745045e-300 6.890136555192249756e-300 4.986768171497877481e-300 6.890136555192249756e-300 4.986768171497877481e-300 6.890136555192249756e-300 1.000000000000000000e+00 4.367585755674109097e-300 7.795467935092452311e-300 6.890136555192249756e-300 -0.000000000000000000e+00 3.445068277596124878e-300 6.890136555192249756e-300 7.795467935092452311e-300 7.795467935092452311e-300 6.890136555192249756e-300 6.890136555192249756e-300 6.890136555192249756e-300 6.890136555192249756e-300 4.986768171497877481e-300 6.890136555192249756e-300 6.890136555192249756e-300 6.890136555192249756e-300 2.739180553157490091e-300 2.739180553157490091e-300 1.228727898773817024e-300 2.739180553157490091e-300 1.369590276578745045e-300 1.369590276578745045e-300 1.369590276578745045e-300 1.228727898773817024e-300 6.143639493869085118e-301 4.986768171497877481e-300 6.890136555192249756e-300 6.890136555192249756e-300 6.890136555192249756e-300 6.890136555192249756e-300 6.890136555192249756e-300 4.986768171497877481e-300 6.890136555192249756e-300 4.367585755674109097e-300 2.739180553157490091e-300 4.367585755674109097e-300 8.735171511348218194e-300 3.445068277596124878e-300 1.228727898773817024e-300 4.986768171497877481e-300 1.369590276578745045e-300 4.986768171497877481e-300 4.986768171497877481e-300 4.986768171497877481e-300 8.735171511348218194e-300 6.890136555192249756e-300 3.445068277596124878e-300 9.463174755650528630e-300 8.735171511348218194e-300 6.890136555192249756e-300
2.739180553157490091e-300 3.445068277596124878e-300 6.890136555192249756e-300 3.445068277596124878e-300 6.890136555192249756e-300 6.890136555192249756e-300 6.890136555192249756e-300 6.890136555192249756e-300 6.890136555192249756e-300 -0.000000000000000000e+00 2.493384085748938740e-300 -0.000000000000000000e+00 4.367585755674109097e-300 6.890136555192249756e-300 2.739180553157490091e-300 2.739180553157490091e-300 2.739180553157490091e-300 2.739180553157490091e-300 2.739180553157490091e-300 2.739180553157490091e-300 2.739180553157490091e-300 2.739180553157490091e-300 1.369590276578745045e-300 1.369590276578745045e-300 6.890136555192249756e-300 4.986768171497877481e-300 6.890136555192249756e-300 4.986768171497877481e-300 6.890136555192249756e-300 4.367585755674109097e-300 1.000000000000000000e+00 2.493384085748938740e-300 6.890136555192249756e-300 -0.000000000000000000e+00 3.445068277596124878e-300 6.890136555192249756e-300 3.445068277596124878e-300 2.493384085748938740e-300 6.890136555192249756e-300 6.890136555192249756e-300 6.890136555192249756e-300 6.890136555192249756e-300 4.986768171497877481e-300 6.890136555192249756e-300 6.890136555192249756e-300 6.890136555192249756e-300 2.739180553157490091e-300 2.739180553157490091e-300 1.228727898773817024e-300 2.739180553157490091e-300 1.369590276578745045e-300 1.369590276578745045e-300 1.369590276578745045e-300 1.228727898773817024e-300 6.143639493869085118e-301 4.986768171497877481e-300 6.890136555192249756e-300 6.890136555192249756e-300 6.890136555192249756e-300 6.890136555192249756e-300 6.890136555192249756e-300 4.986768171497877481e-300 6.890136555192249756e-300 4.367585755674109097e-300 2.739180553157490091e-300 4.367585755674109097e-300 8.735171511348218194e-300 3.445068277596124878e-300 1.228727898773817024e-300 4.986768171497877481e-300 1.369590276578745045e-300 4.986768171497877481e-300 4.986768171497877481e-300 4.986768171497877481e-300 8.735171511348218194e-300 6.890136555192249756e-300 3.445068277596124878e-300 2.493384085748938740e-300 8.735171511348218194e-300 6.890136555192249756e-300
2.739180553157490091e-300 2.493384085748938740e-300 4.986768171497877481e-300 2.493384085748938740e-300 4.986768171497877481e-300 4.986768171497877481e-300 4.986768171497877481e-300 4.986768171497877481e-300 4.986768171497877481e-300 -0.000000000000000000e+00 2.493384085748938740e-300 -0.000000000000000000e+00 2.493384085748938740e-300 4.986768171497877481e-300 2.739180553157490091e-300 2.739180553157490091e-300 2.739180553157490091e-300 2.739180553157490091e-300 2.739180553157490091e-300 2.739180553157490091e-300 2.739180553157490091e-300 2.739180553157490091e-300 1.369590276578745045e-300 1.369590276578745045e-300 4.986768171497877481e-300 4.986768171497877481e-300 4.986768171497877481e-300 4.986768171497877481e-300 4.986768171497877481e-300 7.795467935092452311e-300 2.493384085748938740e-300 1.000000000000000000e+00 4.986768171497877481e-300 -0.000000000000000000e+00 2.493384085748938740e-300 4.986768171497877481e-300 9.057709647542362845e-300 9.057709647542362845e-300 4.986768171497877481e-300 4.986768171497877481e-300 4.986768171497877481e-300 4.986768171497877481e-300 4.986768171497877481e-300 4.986768171497877481e-300 4.986768171497877481e-300 4.986768171497877481e-300 2.739180553157490091e-300 2.739180553157490091e-300 1.228727898773817024e-300 2.739180553157490091e-300 1.369590276578745045e-300 1.369590276578745045e-300 1.369590276578745045e-300 1.228727898773817024e-300 6.143639493869085118e-301 4.986768171497877481e-300 4.986768171497877481e-300 4.986768171497877481e-300 4.986768171497877481e-300 4.986768171497877481e-300 4.986768171497877481e-300 4.986768171497877481e-300 4.986768171497877481e-300 2.493384085748938740e-300 2.739180553157490091e-300 2.493384085748938740e-300 4.986768171497877481e-300 2.493384085748938740e-300 1.228727898773817024e-300 4.986768171497877481e-300 1.369590276578745045e-300 4.986768171497877481e-300 4.986768171497877481e-300 4.986768171497877481e-300 4.986768171497877481e-300 4.986768171497877481e-300 2.493384085748938740e-300 2.493384085748938740e-300 4.986768171497877481e-300 4.986768171497877481e-300
2.764653412091213625e-01 6.890136555192249756e-300 4.590931296473887979e-01 6.890136555192249756e-300 4.327928469552747570e-01 3.611717926718640559e-01 4.225889290355132610e-01 4.162861353041623635e-01 4.209227881028508311e-01 -0.000000000000000000e+00 4.986768171497877481e-300 -0.000000000000000000e+00 6.890136555192249756e-300 3.986098904535530507e-01 1.833208059012806368e-01 1.646654228670798581e-01 1.739718094152174488e-01 1.841777963980245902e-01 1.598936793370756004e-01 1.632934690348149531e-01 1.467022008316853088e-01 1.385501403683643273e-01 2.739180553157490091e-300 2.739180553157490091e-300 3.894739729506982995e-01 2.613997539398009717e-01 3.966134163383954192e-01 2.818835877024465364e-01 4.004643007058008575e-01 6.890136555192249756e-300 6.890136555192249756e-300 4.986768171497877481e-300 1.000000000000000000e+00 -0.000000000000000000e+00 1.186775474272211363e-299 6.601059633556656259e-01 6.890136555192249756e-300 4.986768171497877481e-300 3.485091137123729754e-01 4.344815044982231478e-01 3.485091137123729754e-01 4.053562567970545594e-01 2.712555118747189686e-01 3.832418454052110013e-01 3.485091137123729754e-01 3.611717926718640559e-01 1.385501403683643273e-01 1.385501403683643273e-01 6.834406599272484228e-02 1.508286108052132868e-01 2.739180553157490091e-300 2.739180553157490091e-300 2.739180553157490091e-300 6.215012831242514024e-02 1.228727898773817024e-300 2.613997539398009717e-01 4.333659457006129312e-01 4.053562567970545594e-01 3.485091137123729754e-01 4.390640547187604215e-01 3.485091137123729754e-01 2.837729022855214334e-01 4.119466770955423351e-01 6.890136555192249756e-300 1.598936793370756004e-01 6.890136555192249756e-300 3.611717926718640559e-01 1.186775474272211363e-299 6.440828194785896965e-02 2.670761753739991362e-01 2.739180553157490091e-300 2.818835877024465364e-01 2.818835877024465364e-01 3.366141744930545299e-01 4.053562567970545594e-01 4.004643007058008575e-01 6.890136555192249756e-300 4.986768171497877481e-300 3.485091137123729754e-01 3.690148119343170663e-01
-0.000000000000000000e+00 -0.000000000000000000e+00 -0.000000000000000000e+00 -0.000000000000000000e+00 -0.000000000000000000e+00 -0.000000000000000000e+00 -0.000000000000000000e+00 -0.000000000000000000e+00 -0.000000000000000000e+00 6.143520562244983617e-300 -0.000000000000000000e+00 6.143520562244983617e-300 -0.000000000000000000e+00 -0.000000000000000000e+00 -0.000000000000000000e+00 -0.000000000000000000e+00 -0.000000000000000000e+00 -0.000000000000000000e+00 -0.000000000000000000e+00 -0.000000000000000000e+00 -0.000000000000000000e+00 -0.000000000000000000e+00 -0.000000000000000000e+00 -0.000000000000000000e+00 -0.000000000000000000e+00 -0.000000000000000000e+00 -0.000000000000000000e+00 -0.000000000000000000e+00 -0.000000000000000000e+00 -0.000000000000000000e+00 -0.000000000000000000e+00 -0.000000000000000000e+00 -0.000000000000000000e+00 1.000000000000000000e+00 -0.000000000000000000e+00 -0.000000000000000000e+00 -0.000000000000000000e+00 -0.000000000000000000e+00 -0.000000000000000000e+00 -0.000000000000000000e+00 -0.000000000000000000e+00 -0.000000000000000000e+00 -0.000000000000000000e+00 -0.000000000000000000e+00 -0.000000000000000000e+00 -0.000000000000000000e+00 -0.000000000000000000e+00 -0.000000000000000000e+00 -0.000000000000000000e+00 -0.000000000000000000e+00 -0.000000000000000000e+00 -0.000000000000000000e+00 -0.000000000000000000e+00 -0.000000000000000000e+00 -0.000000000000000000e+00 -0.000000000000000000e+00 -0.000000000000000000e+00 -0.000000000000000000e+00 -0.000000000000000000e+00 -0.000000000000000000e+00 -0.000000000000000000e+00 -0.000000000000000000e+00 -0.000000000000000000e+00 -0.000000000000000000e+00 -0.000000000000000000e+00 -0.000000000000000000e+00 -0.000000000000000000e+00 -0.000000000000000000e+00 -0.000000000000000000e+00 -0.000000000000000000e+00 -0.000000000000000000e+00 -0.000000000000000000e+00 -0.000000000000000000e+00 -0.000000000000000000e+00 -0.000000000000000000e+00 -0.000000000000000000e+00 -0.000000000000000000e+00 -0.000000000000000000e+00 -0.000000000000000000e+00 -0.000000000000000000e+00
2.739180553157490091e-300 3.445068277596124878e-300 6.890136555192249756e-300 3.445068277596124878e-300 6.890136555192249756e-300 6.890136555192249756e-300 6.890136555192249756e-300 6.890136555192249756e-300 6.890136555192249756e-300 -0.000000000000000000e+00 2.493384085748938740e-300 -0.000000000000000000e+00 3.445068277596124878e-300 6.890136555192249756e-300 2.739180553157490091e-300 2.739180553157490091e-300 2.739180553157490091e-300 2.739180553157490091e-300 2.739180553157490091e-300 2.739180553157490091e-300 2.739180553157490091e-300 2.739180553157490091e-300 1.369590276578745045e-300 1.369590276578745045e-300 6.890136555192249756e-300 4.986768171497877481e-300 6.890136555192249756e-300 4.986768171497877481e-300 6.890136555192249756e-300 3.445068277596124878e-300 3.445068277596124878e-300 2.493384085748938740e-300 1.186775474272211363e-299 -0.000000000000000000e+00 1.000000000000000000e+00 1.642082357431032080e-299 3.445068277596124878e-300 2.493384085748938740e-300 1.262087746657374471e-299 6.890136555192249756e-300 6.890136555192249756e-300 6.890136555192249756e-300 4.986768171497877481e-300 1.262087746657374471e-299 6.890136555192249756e-300 6.890136555192249756e-300 2.739180553157490091e-300 2.739180553157490091e-300 1.228727898773817024e-300 2.739180553157490091e-300 1.369590276578745045e-300 1.369590276578745045e-300 1.369590276578745045e-300 1.228727898773817024e-300 6.143639493869085118e-301 4.986768171497877481e-300 6.890136555192249756e-300 6.890136555192249756e-300 6.890136555192249756e-300 6.890136555192249756e-300 6.890136555192249756e-300 4.986768171497877481e-300 6.890136555192249756e-300 3.445068277596124878e-300 2.739180553157490091e-300 3.445068277596124878e-300 6.890136555192249756e-300 5.933877371361056815e-300 1.228727898773817024e-300 4.986768171497877481e-300 1.369590276578745045e-300 4.986768171497877481e-300 4.986768171497877481e-300 4.986768171497877481e-300 6.890136555192249756e-300 6.890136555192249756e-300 6.310438733286872356e-300 2.493384085748938740e-300 6.890136555192249756e-300 1.262087746657374471e-299
2.306231092507095848e-01 6.890136555192249756e-300 4.058372277528189964e-01 6.890136555192249756e-300 3.851473309736858086e-01 3.273750764382639122e-01 3.770453859836209731e-01 3.720198455536189441e-01 3.757184580331078827e-01 -0.000000000000000000e+00 4.986768171497877481e-300 -0.000000000000000000e+00 6.890136555192249756e-300 3.578389483557010142e-01 1.619719847533034607e-01 1.472340027481468805e-01 1.546300881220942780e-01 1.626406302564897821e-01 1.434073168783945029e-01 1.461361752023443428e-01 1.327048554276310244e-01 1.259986552023618922e-01 2.739180553157490091e-300 2.739180553157490091e-300 3.504590472363533493e-01 2.369392243893586603e-01 3.562291728914959155e-01 2.536463549266992357e-01 3.593326996386071448e-01 6.890136555192249756e-300 6.890136555192249756e-300 4.986768171497877481e-300 6.601059633556656259e-01 -0.000000000000000000e+00 1.642082357431032080e-299 1.000000000000000000e+00 6.890136555192249756e-300 4.986768171497877481e-300 3.169370997155087633e-01 3.864840764224961034e-01 3.169370997155087633e-01 3.632664234136103731e-01 2.450083049294104476e-01 3.454048673093856325e-01 3.169370997155087633e-01 3.273750764382639122e-01 1.259986552023618922e-01 1.259986552023618922e-01 6.159654361501527148e-02 1.360723643769522762e-01 2.739180553157490091e-300 2.739180553157490091e-300 2.739180553157490091e-300 5.651984593591830031e-02 1.228727898773817024e-300 2.369392243893586603e-01 3.856011260593386614e-01 3.632664234136103731e-01 3.169370997155087633e-01 3.901058569691087663e-01 3.169370997155087633e-01 2.551750837569999875e-01 3.685503566450117896e-01 6.890136555192249756e-300 1.434073168783945029e-01 6.890136555192249756e-300 3.273750764382639122e-01 1.186775474272211363e-299 5.838126524209097390e-02 2.415935482919913668e-01 2.739180553157490091e-300 2.536463549266992357e-01 2.536463549266992357e-01 2.971155879168252412e-01 3.632664234136103731e-01 3.593326996386071448e-01 6.890136555192249756e-300 4.986768171497877481e-300 3.169370997155087633e-01 3.338058801488767990e-01
2.739180553157490091e-300 6.310438733286872356e-300 1.262087746657374471e-299 6.310438733286872356e-300 1.106269824585240569e-299 1.091168314083611556e-299 1.091168314083611556e-299 1.262087746657374471e-299 1.106269824585240569e-299 -0.000000000000000000e+00 2.493384085748938740e-300 -0.000000000000000000e+00 3.445068277596124878e-300 6.890136555192249756e-300 2.739180553157490091e-300 2.739180553157490091e-300 2.739180553157490091e-300 2.739180553157490091e-300 2.739180553157490091e-300 2.739180553157490091e-300 2.739180553157490091e-300 2.739180553157490091e-300 1.369590276578745045e-300 1.369590276578745045e-300 1.064008005851799155e-299 4.986768171497877481e-300 1.064008005851799155e-299 4.986768171497877481e-300 1.064008005851799155e-299 7.795467935092452311e-300 3.445068277596124878e-300 9.057709647542362845e-300 6.890136555192249756e-300 -0.000000000000000000e+00 3.445068277596124878e-300 6.890136555192249756e-300 1.000000000000000000e+00 9.057709647542362845e-300 6.890136555192249756e-300 1.064008005851799155e-299 1.064008005851799155e-299 1.064008005851799155e-299 4.986768171497877481e-300 6.890136555192249756e-300 1.064008005851799155e-299 1.064008005851799155e-299 2.739180553157490091e-300 2.739180553157490091e-300 1.228727898773817024e-300 2.739180553157490091e-300 1.369590276578745045e-300 1.369590276578745045e-300 1.369590276578745045e-300 1.228727898773817024e-300 6.143639493869085118e-301 4.986768171497877481e-300 6.890136555192249756e-300 6.890136555192249756e-300 1.064008005851799155e-299 6.890136555192249756e-300 6.890136555192249756e-300 4.986768171497877481e-300 6.890136555192249756e-300 3.445068277596124878e-300 2.739180553157490091e-300 3.445068277596124878e-300 6.890136555192249756e-300 3.445068277596124878e-300 1.228727898773817024e-300 4.986768171497877481e-300 1.369590276578745045e-300 4.986768171497877481e-300 4.986768171497877481e-300 4.986768171497877481e-300 6.890136555192249756e-300 1.064008005851799155e-299 3.445068277596124878e-300 2.493384085748938740e-300 6.890136555192249756e-300 6.890136555192249756e-300
2.739180553157490091e-300 2.493384085748938740e-300 4.986768171497877481e-300 2.493384085748938740e-300 4.986768171497877481e-300 4.986768171497877481e-300 4.986768171497877481e-300 4.986768171497877481e-300 4.986768171497877481e-300 -0.000000000000000000e+00 2.493384085748938740e-300 -0.000000000000000000e+00 2.493384085748938740e-300 4.986768171497877481e-300 2.739180553157490091e-300 2.739180553157490091e-300 2.739180553157490091e-300 2.739180553157490091e-300 2.739180553157490091e-300 2.739180553157490091e-300 2.739180553157490091e-300 2.739180553157490091e-300 1.369590276578745045e-300 1.369590276578745045e-300 4.986768171497877481e-300 4.986768171497877481e-300 4.986768171497877481e-300 4.986768171497877481e-300 4.986768171497877481e-300 7.795467935092452311e-300 2.493384085748938740e-300 9.057709647542362845e-300 4.986768171497877481e-300 -0.000000000000000000e+00 2.493384085748938740e-300 4.986768171497877481e-300 9.057709647542362845e-300 1.000000000000000000e+00 4.986768171497877481e-300 4.986768171497877481e-300 4.986768171497877481e-300 4.986768171497877481e-300 4.986768171497877481e-300 4.986768171497877481e-300 4.986768171497877481e-300 4.986768171497877481e-300 2.739180553157490091e-300 2.739180553157490091e-300 1.228727898773817024e-300 2.739180553157490091e-300 1.369590276578745045e-300 1.369590276578745045e-300 1.369590276578745045e-300 1.228727898773817024e-300 6.143639493869085118e-301 4.986768171497877481e-300 4.986768171497877481e-300 4.986768171497877481e-300 4.986768171497877481e-300 4.986768171497877481e-300 4.986768171497877481e-300 4.986768171497877481e-300 4.986768171497877481e-300 2.493384085748938740e-300 2.739180553157490091e-300 2.493384085748938740e-300 4.986768171497877481e-300 2.493384085748938740e-300 1.228727898773817024e-300 4.986768171497877481e-300 1.369590276578745045e-300 4.986768171497877481e-300 4.986768171497877481e-300 4.986768171497877481e-300 4.986768171497877481e-300 4.986768171497877481e-300 2.493384085748938740e-300 2.493384085748938740e-300 4.986768171497877481e-300 4.986768171497877481e-300
2.003927156158311629e-01 6.890136555192249756e-300 3.670951903375066494e-01 6.890136555192249756e-300 3.500841568225795397e-01 3.016912238446586847e-01 3.433773943624598979e-01 3.392043201499330141e-01 3.422765143627878315e-01 -0.000000000000000000e+00 4.986768171497877481e-300 -0.000000000000000000e+00 6.890136555192249756e-300 3.273750764382639122e-01 1.464551349655038859e-01 1.342997220542226366e-01 1.404263796065498837e-01 1.470015889641194118e-01 1.311085550832782609e-01 1.333857084044198504e-01 1.221054633384174720e-01 1.164047451416002771e-01 2.739180553157490091e-300 2.739180553157490091e-300 3.211873695971320108e-01 2.183504173883252797e-01 3.260272074868327263e-01 2.324608429693759970e-01 3.286248749087926080e-01 6.890136555192249756e-300 6.890136555192249756e-300 4.986768171497877481e-300 3.485091137123729754e-01 -0.000000000000000000e+00 1.262087746657374471e-299 3.169370997155087633e-01 6.890136555192249756e-300 4.986768171497877481e-300 1.000000000000000000e+00 3.511882421555987399e-01 2.928045720730055312e-01 3.319119160554877546e-01 2.251848014999924541e-01 5.805435448309617108e-01 2.928045720730055312e-01 3.016912238446586847e-01 1.164047451416002771e-01 1.164047451416002771e-01 5.651984593591830031e-02 1.249507496614606777e-01 2.739180553157490091e-300 2.739180553157490091e-300 2.739180553157490091e-300 5.221625779296215630e-02 1.228727898773817024e-300 2.183504173883252797e-01 3.504590472363533493e-01 3.319119160554877546e-01 2.928045720730055312e-01 3.541761509520201523e-01 2.928045720730055312e-01 2.337442199735015602e-01 3.363175417019753088e-01 6.890136555192249756e-300 1.311085550832782609e-01 6.890136555192249756e-300 3.016912238446586847e-01 6.890136555192249756e-300 5.380102710356304135e-02 2.222970068329817306e-01 2.739180553157490091e-300 2.324608429693759970e-01 2.324608429693759970e-01 2.684566475245935280e-01 3.319119160554877546e-01 3.286248749087926080e-01 1.262087746657374471e-299 4.986768171497877481e-300 2.928045720730055312e-01 5.626055168276359320e-01
2.807389020284792869e-01 1.064008005851799155e-299 7.161505630925090182e-01 1.064008005851799155e-299 4.369322104420670372e-01 3.640499479880207057e-01 4.265345169564473959e-01 6.487608088015599517e-01 4.248371807307442238e-01 -0.000000000000000000e+00 4.986768171497877481e-300 -0.000000000000000000e+00 6.890136555192249756e-300 4.021185530715305489e-01 1.851900934207066918e-01 1.661720542178359850e-01 1.756544236929776792e-01 1.860646918529079985e-01 1.613138797366913679e-01 1.647749862324175141e-01 1.478968548977753483e-01 1.396152305116888370e-01 2.739180553157490091e-300 2.739180553157490091e-300 6.066161119458106654e-01 2.634828321499739778e-01 6.178333709860723832e-01 2.843074396745195465e-01 6.238852225093464154e-01 6.890136555192249756e-300 6.890136555192249756e-300 4.986768171497877481e-300 4.344815044982231478e-01 -0.000000000000000000e+00 6.890136555192249756e-300 3.864840764224961034e-01 1.064008005851799155e-299 4.986768171497877481e-300 3.511882421555987399e-01 1.000000000000000000e+00 5.423217641934692246e-01 6.315746532066571772e-01 2.734993053354212722e-01 3.864840764224961034e-01 5.423217641934692246e-01 7.339480103009133893e-01 1.396152305116888370e-01 1.396152305116888370e-01 6.892225768360009386e-02 1.520917053467081281e-01 2.739180553157490091e-300 2.739180553157490091e-300 2.739180553157490091e-300 6.262790111652280500e-02 1.228727898773817024e-300 2.634828321499739778e-01 4.375163315942546816e-01 4.089852314511792097e-01 5.423217641934692246e-01 4.433248373173236945e-01 3.511882421555987399e-01 2.862294962859899816e-01 4.156951588309272250e-01 6.890136555192249756e-300 1.613138797366913679e-01 6.890136555192249756e-300 3.640499479880207057e-01 6.890136555192249756e-300 6.492154749864124941e-02 2.692510823423846511e-01 2.739180553157490091e-300 2.843074396745195465e-01 2.843074396745195465e-01 3.400764130587713430e-01 4.089852314511792097e-01 8.145016278479965122e-01 6.890136555192249756e-300 4.986768171497877481e-300 3.511882421555987399e-01 3.720198455536189441e-01
2.003927156158311629e-01 1.064008005851799155e-299 5.668860381793966452e-01 1.064008005851799155e-299 3.500841568225795397e-01 3.016912238446586847e-01 3.433773943624598979e-01 5.238156157980167205e-01 3.422765143627878315e-01 -0.000000000000000000e+00 4.986768171497877481e-300 -0.000000000000000000e+00 6.890136555192249756e-300 3.273750764382639122e-01 1.464551349655038859e-01 1.342997220542226366e-01 1.404263796065498837e-01 1.470015889641194118e-01 1.311085550832782609e-01 1.333857084044198504e-01 1.221054633384174720e-01 1.164047451416002771e-01 2.739180553157490091e-300 2.739180553157490091e-300 4.959929747289220647e-01 2.183504173883252797e-01 5.034668850359476089e-01 2.324608429693759970e-01 5.074783279316952278e-01 6.890136555192249756e-300 6.890136555192249756e-300 4.986768171497877481e-300 3.485091137123729754e-01 -0.000000000000000000e+00 6.890136555192249756e-300 3.169370997155087633e-01 1.064008005851799155e-299 4.986768171497877481e-300 2.928045720730055312e-01 5.423217641934692246e-01 1.000000000000000000e+00 5.125543348694856505e-01 2.251848014999924541e-01 3.169370997155087633e-01 4.521628945088377871e-01 4.658860893316320584e-01 1.164047451416002771e-01 1.164047451416002771e-01 5.651984593591830031e-02 1.249507496614606777e-01 2.739180553157490091e-300 2.739180553157490091e-300 2.739180553157490091e-300 5.221625779296215630e-02 1.228727898773817024e-300 2.183504173883252797e-01 3.504590472363533493e-01 3.319119160554877546e-01 4.521628945088377871e-01 3.541761509520201523e-01 2.928045720730055312e-01 2.337442199735015602e-01 3.363175417019753088e-01 6.890136555192249756e-300 1.311085550832782609e-01 6.890136555192249756e-300 3.016912238446586847e-01 6.890136555192249756e-300 5.380102710356304135e-02 2.222970068329817306e-01 2.739180553157490091e-300 2.324608429693759970e-01 2.324608429693759970e-01 2.684566475245935280e-01 3.319119160554877546e-01 5.074783279316952278e-01 6.890136555192249756e-300 4.986768171497877481e-300 2.928045720730055312e-01 3.071441623542897625e-01
2.513822921483359618e-01 1.064008005851799155e-299 6.651398175108268473e-01 1.064008005851799155e-299 4.074886053633036131e-01 3.433773943624598979e-01 3.984305113315260716e-01 6.066161119458106654e-01 3.969490900480919793e-01 -0.000000000000000000e+00 4.986768171497877481e-300 -0.000000000000000000e+00 6.890136555192249756e-300 3.770453859836209731e-01 1.719444081970090688e-01 1.554282851067599336e-01 1.636936429808028559e-01 1.726981153388702506e-01 1.511699588395152005e-01 1.542053657783434562e-01 1.393253383555234926e-01 1.319519081425615803e-01 2.739180553157490091e-300 2.739180553157490091e-300 5.696130023506034146e-01 2.485209759345345104e-01 5.794923680265791077e-01 2.669649076483527339e-01 5.848131696600372686e-01 6.890136555192249756e-300 6.890136555192249756e-300 4.986768171497877481e-300 4.053562567970545594e-01 -0.000000000000000000e+00 6.890136555192249756e-300 3.632664234136103731e-01 1.064008005851799155e-299 4.986768171497877481e-300 3.319119160554877546e-01 6.315746532066571772e-01 5.125543348694856505e-01 1.000000000000000000e+00 8.364579756468686345e-01 3.632664234136103731e-01 7.805987902029392078e-01 5.302598775852469526e-01 1.319519081425615803e-01 1.319519081425615803e-01 6.478182044152981656e-02 1.430419355854946617e-01 2.739180553157490091e-300 2.739180553157490091e-300 2.739180553157490091e-300 5.919032633475457966e-02 1.228727898773817024e-300 2.485209759345345104e-01 4.079966087699415933e-01 3.830760283745832662e-01 5.125543348694856505e-01 4.130432234170711148e-01 3.319119160554877546e-01 2.686589295536029875e-01 3.889566248104799340e-01 6.890136555192249756e-300 1.511699588395152005e-01 6.890136555192249756e-300 3.433773943624598979e-01 6.890136555192249756e-300 6.123498146687184757e-02 2.536463549266992357e-01 2.739180553157490091e-300 2.669649076483527339e-01 2.669649076483527339e-01 3.155562475288173907e-01 3.830760283745832662e-01 5.848131696600372686e-01 6.890136555192249756e-300 4.986768171497877481e-300 3.319119160554877546e-01 3.504590472363533493e-01
2.230100351528689351e-01 4.986768171497877481e-300 2.868753049366480901e-01 4.986768171497877481e-300 2.725743089959757892e-01 2.324608429693759970e-01 2.669649076483527339e-01 2.634828321499739778e-01 2.660457071234137993e-01 -0.000000000000000000e+00 4.986768171497877481e-300 -0.000000000000000000e+00 4.986768171497877481e-300 2.536463549266992357e-01 1.581795077903333790e-01 1.440935979489483820e-01 1.511699588395152005e-01 1.588171463672216344e-01 1.404263796065498837e-01 1.430419355854946617e-01 1.301482830978693550e-01 1.236916992975299889e-01 2.739180553157490091e-300 2.739180553157490091e-300 2.485209759345345104e-01 2.324608429693759970e-01 2.525287294786134340e-01 2.485209759345345104e-01 2.546832423057092676e-01 4.986768171497877481e-300 4.986768171497877481e-300 4.986768171497877481e-300 2.712555118747189686e-01 -0.000000000000000000e+00 4.986768171497877481e-300 2.450083049294104476e-01 4.986768171497877481e-300 4.986768171497877481e-300 2.251848014999924541e-01 2.734993053354212722e-01 2.251848014999924541e-01 8.364579756468686345e-01 1.000000000000000000e+00 2.450083049294104476e-01 9.172471069528835841e-01 2.324608429693759970e-01 1.236916992975299889e-01 1.236916992975299889e-01 6.036946762809369815e-02 1.333857084044198504e-01 2.739180553157490091e-300 2.739180553157490091e-300 2.739180553157490091e-300 5.548500320594912383e-02 1.228727898773817024e-300 2.324608429693759970e-01 2.728883404518809841e-01 2.574129825938225591e-01 2.251848014999924541e-01 2.760047772151951739e-01 2.251848014999924541e-01 2.499883688489294153e-01 2.610777309092450205e-01 4.986768171497877481e-300 1.404263796065498837e-01 4.986768171497877481e-300 2.324608429693759970e-01 4.986768171497877481e-300 5.727780263808743971e-02 2.369392243893586603e-01 2.739180553157490091e-300 2.485209759345345104e-01 2.485209759345345104e-01 2.901071980928766059e-01 2.574129825938225591e-01 2.546832423057092676e-01 4.986768171497877481e-300 4.986768171497877481e-300 2.251848014999924541e-01 2.369392243893586603e-01
2.306231092507095848e-01 6.890136555192249756e-300 4.058372277528189964e-01 6.890136555192249756e-300 3.851473309736858086e-01 3.273750764382639122e-01 3.770453859836209731e-01 3.720198455536189441e-01 3.757184580331078827e-01 -0.000000000000000000e+00 4.986768171497877481e-300 -0.000000000000000000e+00 6.890136555192249756e-300 3.578389483557010142e-01 1.619719847533034607e-01 1.472340027481468805e-01 1.546300881220942780e-01 1.626406302564897821e-01 1.434073168783945029e-01 1.461361752023443428e-01 1.327048554276310244e-01 1.259986552023618922e-01 2.739180553157490091e-300 2.739180553157490091e-300 3.504590472363533493e-01 2.369392243893586603e-01 3.562291728914959155e-01 2.536463549266992357e-01 3.593326996386071448e-01 6.890136555192249756e-300 6.890136555192249756e-300 4.986768171497877481e-300 3.832418454052110013e-01 -0.000000000000000000e+00 1.262087746657374471e-299 3.454048673093856325e-01 6.890136555192249756e-300 4.986768171497877481e-300 5.805435448309617108e-01 3.864840764224961034e-01 3.169370997155087633e-01 3.632664234136103731e-01 2.450083049294104476e-01 1.000000000000000000e+00 3.169370997155087633e-01 3.273750764382639122e-01 1.259986552023618922e-01 1.259986552023618922e-01 6.159654361501527148e-02 1.360723643769522762e-01 2.739180553157490091e-300 2.739180553157490091e-300 2.739180553157490091e-300 5.651984593591830031e-02 1.228727898773817024e-300 2.369392243893586603e-01 3.856011260593386614e-01 3.632664234136103731e-01 3.169370997155087633e-01 3.901058569691087663e-01 3.169370997155087633e-01 2.551750837569999875e-01 3.685503566450117896e-01 6.890136555192249756e-300 1.434073168783945029e-01 6.890136555192249756e-300 3.273750764382639122e-01 6.890136555192249756e-300 5.838126524209097390e-02 2.415935482919913668e-01 2.739180553157490091e-300 2.536463549266992357e-01 2.536463549266992357e-01 2.971155879168252412e-01 3.632664234136103731e-01 3.593326996386071448e-01 1.686711067693873860e-299 4.986768171497877481e-300 3.169370997155087633e-01 6.114426147049308868e-01
2.003927156158311629e-01 1.064008005851799155e-299 5.668860381793966452e-01 1.064008005851799155e-299 3.500841568225795397e-01 3.016912238446586847e-01 3.433773943624598979e-01 5.238156157980167205e-01 3.422765143627878315e-01 -0.000000000000000000e+00 4.986768171497877481e-300 -0.000000000000000000e+00 6.890136555192249756e-300 3.273750764382639122e-01 1.464551349655038859e-01 1.342997220542226366e-01 1.404263796065498837e-01 1.470015889641194118e-01 1.311085550832782609e-01 1.333857084044198504e-01 1.221054633384174720e-01 1.164047451416002771e-01 2.739180553157490091e-300 2.739180553157490091e-300 4.959929747289220647e-01 2.183504173883252797e-01 5.034668850359476089e-01 2.324608429693759970e-01 5.074783279316952278e-01 6.890136555192249756e-300 6.890136555192249756e-300 4.986768171497877481e-300 3.485091137123729754e-01 -0.000000000000000000e+00 6.890136555192249756e-300 3.169370997155087633e-01 1.064008005851799155e-299 4.986768171497877481e-300 2.928045720730055312e-01 5.423217641934692246e-01 4.521628945088377871e-01 7.805987902029392078e-01 9.172471069528835841e-01 3.169370997155087633e-01 1.000000000000000000e+00 4.658860893316320584e-01 1.164047451416002771e-01 1.164047451416002771e-01 5.651984593591830031e-02 1.249507496614606777e-01 2.739180553157490091e-300 2.739180553157490091e-300 2.739180553157490091e-300 5.221625779296215630e-02 1.228727898773817024e-300 2.183504173883252797e-01 3.504590472363533493e-01 3.319119160554877546e-01 4.521628945088377871e-01 3.541761509520201523e-01 2.928045720730055312e-01 2.337442199735015602e-01 3.363175417019753088e-01 6.890136555192249756e-300 1.311085550832782609e-01 6.890136555192249756e-300 3.016912238446586847e-01 6.890136555192249756e-300 5.380102710356304135e-02 2.222970068329817306e-01 2.739180553157490091e-300 2.324608429693759970e-01 2.324608429693759970e-01 2.684566475245935280e-01 3.319119160554877546e-01 5.074783279316952278e-01 6.890136555192249756e-300 4.986768171497877481e-300 2.928045720730055312e-01 3.071441623542897625e-01
2.110972896266267440e-01 1.064008005851799155e-299 5.886237645758977122e-01 1.064008005851799155e-299 3.628636476568353753e-01 3.111341813234457243e-01 3.556633354820709636e-01 5.423217641934692246e-01 3.544824032974626671e-01 -0.000000000000000000e+00 4.986768171497877481e-300 -0.000000000000000000e+00 6.890136555192249756e-300 3.385239939102188123e-01 1.520917053467081281e-01 1.390243857439988073e-01 1.456002509375181886e-01 1.526811157951715459e-01 1.356075949993065521e-01 1.380451653403139967e-01 1.259986552023618922e-01 1.199376422795025848e-01 2.739180553157490091e-300 2.739180553157490091e-300 5.125543348694856505e-01 2.251848014999924541e-01 5.205397081262980175e-01 2.402227830272950226e-01 5.248289829956048758e-01 6.890136555192249756e-300 6.890136555192249756e-300 4.986768171497877481e-300 3.611717926718640559e-01 -0.000000000000000000e+00 6.890136555192249756e-300 3.273750764382639122e-01 1.064008005851799155e-299 4.986768171497877481e-300 3.016912238446586847e-01 7.339480103009133893e-01 4.658860893316320584e-01 5.302598775852469526e-01 2.324608429693759970e-01 3.273750764382639122e-01 4.658860893316320584e-01 1.000000000000000000e+00 1.199376422795025848e-01 1.199376422795025848e-01 5.838126524209097390e-02 1.290305238682722400e-01 2.739180553157490091e-300 2.739180553157490091e-300 2.739180553157490091e-300 5.380102710356304135e-02 1.228727898773817024e-300 2.251848014999924541e-01 3.632664234136103731e-01 3.433773943624598979e-01 4.658860893316320584e-01 3.672617198779783987e-01 3.016912238446586847e-01 2.415935482919914223e-01 3.480948136765080192e-01 6.890136555192249756e-300 1.356075949993065521e-01 6.890136555192249756e-300 3.111341813234457243e-01 6.890136555192249756e-300 5.548500320594912383e-02 2.293846905018341598e-01 2.739180553157490091e-300 2.402227830272950226e-01 2.402227830272950226e-01 2.788623232020047138e-01 3.433773943624598979e-01 6.851806158709339289e-01 6.890136555192249756e-300 4.986768171497877481e-300 3.016912238446586847e-01 3.169370997155087633e-01
2.667412755942712432e-01 2.739180553157490091e-300 1.459390533809367674e-01 2.739180553157490091e-300 1.391763003034110768e-01 1.199376422795025848e-01 1.365100203018104752e-01 1.348510105509481694e-01 1.360723643769523039e-01 -0.000000000000000000e+00 2.739180553157490091e-300 -0.000000000000000000e+00 2.739180553157490091e-300 1.301482830978693550e-01 1.949453571601953428e-01 1.787653760896953659e-01 1.869205250711084287e-01 1.956727380741988820e-01 1.745176371145129579e-01 1.775487392168942358e-01 1.625336876533944319e-01 1.549455034274885568e-01 3.646103165910329663e-300 3.646103165910329663e-300 1.276883541672742817e-01 1.199376422795025848e-01 1.296124364727131717e-01 1.276883541672742817e-01 1.306451417070443044e-01 2.739180553157490091e-300 2.739180553157490091e-300 2.739180553157490091e-300 1.385501403683643273e-01 -0.000000000000000000e+00 2.739180553157490091e-300 1.259986552023618922e-01 2.739180553157490091e-300 2.739180553157490091e-300 1.164047451416002771e-01 1.396152305116888370e-01 1.164047451416002771e-01 1.319519081425615803e-01 1.236916992975299889e-01 1.259986552023618922e-01 1.164047451416002771e-01 1.199376422795025848e-01 1.000000000000000000e+00 1.164047451416002771e-01 5.651984593591830031e-02 1.249507496614606777e-01 1.481810204390996543e-299 2.739180553157490091e-300 3.646103165910329663e-300 5.221625779296215630e-02 1.228727898773817024e-300 1.199376422795025848e-01 1.393253383555234926e-01 1.319519081425615803e-01 1.164047451416002771e-01 1.408030765876273349e-01 1.164047451416002771e-01 1.283932999781027817e-01 1.337033689443444529e-01 2.739180553157490091e-300 1.745176371145129579e-01 2.739180553157490091e-300 1.199376422795025848e-01 2.739180553157490091e-300 5.380102710356304135e-02 1.221054633384174720e-01 3.646103165910329663e-300 1.276883541672742817e-01 1.276883541672742817e-01 1.474604800095095924e-01 1.319519081425615803e-01 1.306451417070443044e-01 2.739180553157490091e-300 2.739180553157490091e-300 1.164047451416002771e-01 1.221054633384174720e-01
2.003927156158311629e-01 2.739180553157490091e-300 1.459390533809367674e-01 2.739180553157490091e-300 1.391763003034110768e-01 1.199376422795025848e-01 1.365100203018104752e-01 1.348510105509481694e-01 1.360723643769523039e-01 -0.000000000000000000e+00 2.739180553157490091e-300 -0.000000000000000000e+00 2.739180553157490091e-300 1.301482830978693550e-01 1.464551349655038859e-01 1.342997220542226366e-01 1.404263796065498837e-01 1.470015889641194118e-01 1.311085550832782609e-01 1.333857084044198504e-01 1.221054633384174720e-01 1.164047451416002771e-01 2.739180553157490091e-300 2.739180553157490091e-300 1.276883541672742817e-01 1.199376422795025848e-01 1.296124364727131717e-01 1.276883541672742817e-01 1.306451417070443044e-01 2.739180553157490091e-300 2.739180553157490091e-300 2.739180553157490091e-300 1.385501403683643273e-01 -0.000000000000000000e+00 2.739180553157490091e-300 1.259986552023618922e-01 2.739180553157490091e-300 2.739180553157490091e-300 1.164047451416002771e-01 1.396152305116888370e-01 1.164047451416002771e-01 1.319519081425615803e-01 1.236916992975299889e-01 1.259986552023618922e-01 1.164047451416002771e-01 1.199376422795025848e-01 1.164047451416002771e-01 1.000000000000000000e+00 3.172736346650822936e-01 7.302736858212974802e-01 2.739180553157490091e-300 1.269931889288030888e-299 2.739180553157490091e-300 2.931154822567169083e-01 1.315674808560763889e-299 1.199376422795025848e-01 1.393253383555234926e-01 1.319519081425615803e-01 1.164047451416002771e-01 1.408030765876273349e-01 1.164047451416002771e-01 1.283932999781027817e-01 1.337033689443444529e-01 2.739180553157490091e-300 1.311085550832782609e-01 2.739180553157490091e-300 1.199376422795025848e-01 2.739180553157490091e-300 5.380102710356304135e-02 1.221054633384174720e-01 2.739180553157490091e-300 1.276883541672742817e-01 1.276883541672742817e-01 1.474604800095095924e-01 1.319519081425615803e-01 1.306451417070443044e-01 2.739180553157490091e-300 2.739180553157490091e-300 1.164047451416002771e-01 1.221054633384174720e-01
1.034517597285293661e-01 1.228727898773817024e-300 7.237353281846509168e-02 1.228727898773817024e-300 6.868387395733353828e-02 5.838126524209097390e-02 6.723904252853965535e-02 6.634283072151735128e-02 6.700240957077489845e-02 -0.000000000000000000e+00 1.228727898773817024e-300 -0.000000000000000000e+00 1.228727898773817024e-300 6.381393105789681663e-02 7.265658200469438111e-02 6.604549182281939379e-02 6.936319077121713694e-02 7.295651965692677432e-02 6.432893623374430492e-02 6.555303383861860178e-02 5.952807965824556680e-02 5.651984593591830031e-02 1.228727898773817024e-300 1.228727898773817024e-300 6.249786274446096634e-02 5.838126524209097390e-02 6.352685749879009858e-02 6.249786274446096634e-02 6.408031385893910026e-02 1.228727898773817024e-300 1.228727898773817024e-300 1.228727898773817024e-300 6.834406599272484228e-02 -0.000000000000000000e+00 1.228727898773817024e-300 6.159654361501527148e-02 1.228727898773817024e-300 1.228727898773817024e-300 5.651984593591830031e-02 6.892225768360009386e-02 5.651984593591830031e-02 6.478182044152981656e-02 6.036946762809369815e-02 6.159654361501527148e-02 5.651984593591830031e-02 5.838126524209097390e-02 5.651984593591830031e-02 3.172736346650822936e-01 1.000000000000000000e+00 3.426399555932549412e-01 1.228727898773817024e-300 1.228727898773817024e-300 1.228727898773817024e-300 7.826823498854997840e-01 6.897452744304341209e-300 5.838126524209097390e-02 6.876479988348922767e-02 6.478182044152981656e-02 5.651984593591830031e-02 6.956813498446515198e-02 5.651984593591830031e-02 6.287453791740894860e-02 6.572411180610203407e-02 1.228727898773817024e-300 6.432893623374430492e-02 1.228727898773817024e-300 5.838126524209097390e-02 1.228727898773817024e-300 5.838126524209097390e-02 5.952807965824556680e-02 1.228727898773817024e-300 6.249786274446096634e-02 6.249786274446096634e-02 7.320857907945026166e-02 6.478182044152981656e-02 6.408031385893910026e-02 1.228727898773817024e-300 1.228727898773817024e-300 5.651984593591830031e-02 5.952807965824556680e-02
2.271364696770001024e-01 2.739180553157490091e-300 1.596267635637882709e-01 2.739180553157490091e-300 1.515709677446822612e-01 1.290305238682722400e-01 1.484140235917843220e-01 1.464551349655038859e-01 1.478968548977753483e-01 -0.000000000000000000e+00 2.739180553157490091e-300 -0.000000000000000000e+00 2.739180553157490091e-300 1.409248275082767565e-01 1.602443969952926095e-01 1.458051145854850628e-01 1.530548060317157011e-01 1.608988262494387145e-01 1.420513965283682900e-01 1.447284142946798080e-01 1.315429474256953890e-01 1.249507496614606777e-01 2.739180553157490091e-300 2.739180553157490091e-300 1.380451653403139967e-01 1.290305238682722400e-01 1.402967827348902130e-01 1.380451653403139967e-01 1.415075586960959642e-01 2.739180553157490091e-300 2.739180553157490091e-300 2.739180553157490091e-300 1.508286108052132868e-01 -0.000000000000000000e+00 2.739180553157490091e-300 1.360723643769522762e-01 2.739180553157490091e-300 2.739180553157490091e-300 1.249507496614606777e-01 1.520917053467081281e-01 1.249507496614606777e-01 1.430419355854946617e-01 1.333857084044198504e-01 1.360723643769522762e-01 1.249507496614606777e-01 1.290305238682722400e-01 1.249507496614606777e-01 7.302736858212974802e-01 3.426399555932549412e-01 1.000000000000000000e+00 2.739180553157490091e-300 1.269931889288030888e-299 2.739180553157490091e-300 3.146349334883639104e-01 1.315674808560763889e-299 1.290305238682722400e-01 1.517477505646677716e-01 1.430419355854946617e-01 1.249507496614606777e-01 1.535024095219774953e-01 1.249507496614606777e-01 1.388694744068085796e-01 1.451024734070666955e-01 2.739180553157490091e-300 1.420513965283682900e-01 2.739180553157490091e-300 1.290305238682722400e-01 2.739180553157490091e-300 5.787986640296197138e-02 1.315429474256953890e-01 2.739180553157490091e-300 1.380451653403139967e-01 1.380451653403139967e-01 1.614487461842359639e-01 1.430419355854946617e-01 1.415075586960959642e-01 2.739180553157490091e-300 2.739180553157490091e-300 1.249507496614606777e-01 1.315429474256953890e-01
3.646103165910329663e-300 1.369590276578745045e-300 2.739180553157490091e-300 1.369590276578745045e-300 2.739180553157490091e-300 2.739180553157490091e-300 2.739180553157490091e-300 2.739180553157490091e-300 2.739180553157490091e-300 -0.000000000000000000e+00 1.369590276578745045e-300 -0.000000000000000000e+00 1.369590276578745045e-300 2.739180553157490091e-300 3.646103165910329663e-300 3.646103165910329663e-300 3.646103165910329663e-300 3.646103165910329663e-300 3.646103165910329663e-300 3.646103165910329663e-300 3.646103165910329663e-300 3.646103165910329663e-300 1.823051582955164832e-300 1.823051582955164832e-300 2.739180553157490091e-300 2.739180553157490091e-300 2.739180553157490091e-300 2.739180553157490091e-300 2.739180553157490091e-300 1.369590276578745045e-300 1.369590276578745045e-300 1.369590276578745045e-300 2.739180553157490091e-300 -0.000000000000000000e+00 1.369590276578745045e-300 2.739180553157490091e-300 1.369590276578745045e-300 1.369590276578745045e-300 2.739180553157490091e-300 2.739180553157490091e-300 2.739180553157490091e-300 2.739180553157490091e-300 2.739180553157490091e-300 2.739180553157490091e-300 2.739180553157490091e-300 2.739180553157490091e-300 1.481810204390996543e-299 2.739180553157490091e-300 1.228727898773817024e-300 2.739180553157490091e-300 1.000000000000000000e+00 1.369590276578745045e-300 1.823051582955164832e-300 1.228727898773817024e-300 6.143639493869085118e-301 2.739180553157490091e-300 2.739180553157490091e-300 2.739180553157490091e-300 2.739180553157490091e-300 2.739180553157490091e-300 2.739180553157490091e-300 2.739180553157490091e-300 2.739180553157490091e-300 1.369590276578745045e-300 3.646103165910329663e-300 1.369590276578745045e-300 2.739180553157490091e-300 1.369590276578745045e-300 1.228727898773817024e-300 2.739180553157490091e-300 1.823051582955164832e-300 2.739180553157490091e-300 2.739180553157490091e-300 2.739180553157490091e-300 2.739180553157490091e-300 2.739180553157490091e-300 1.369590276578745045e-300 1.369590276578745045e-300 2.739180553157490091e-300 2.739180553157490091e-300
2.739180553157490091e-300 1.369590276578745045e-300 2.739180553157490091e-300 1.369590276578745045e-300 2.739180553157490091e-300 2.739180553157490091e-300 2.739180553157490091e-300 2.739180553157490091e-300 2.739180553157490091e-300 -0.000000000000000000e+00 1.369590276578745045e-300 -0.000000000000000000e+00 1.369590276578745045e-300 2.739180553157490091e-300 2.739180553157490091e-300 2.739180553157490091e-300 2.739180553157490091e-300 2.739180553157490091e-300 2.739180553157490091e-300 2.739180553157490091e-300 2.739180553157490091e-300 2.739180553157490091e-300 1.369590276578745045e-300 1.369590276578745045e-300 2.739180553157490091e-300 2.739180553157490091e-300 2.739180553157490091e-300 2.739180553157490091e-300 2.739180553157490091e-300 1.369590276578745045e-300 1.369590276578745045e-300 1.369590276578745045e-300 2.739180553157490091e-300 -0.000000000000000000e+00 1.369590276578745045e-300 2.739180553157490091e-300 1.369590276578745045e-300 1.369590276578745045e-300 2.739180553157490091e-300 2.739180553157490091e-300 2.739180553157490091e-300 2.739180553157490091e-300 2.739180553157490091e-300 2.739180553157490091e-300 2.739180553157490091e-300 2.739180553157490091e-300 2.739180553157490091e-300 1.269931889288030888e-299 1.228727898773817024e-300 1.269931889288030888e-299 1.369590276578745045e-300 1.000000000000000000e+00 1.369590276578745045e-300 1.228727898773817024e-300 6.143639493869085118e-301 2.739180553157490091e-300 2.739180553157490091e-300 2.739180553157490091e-300 2.739180553157490091e-300 2.739180553157490091e-300 2.739180553157490091e-300 2.739180553157490091e-300 2.739180553157490091e-300 1.369590276578745045e-300 2.739180553157490091e-300 1.369590276578745045e-300 2.739180553157490091e-300 1.369590276578745045e-300 1.228727898773817024e-300 2.739180553157490091e-300 1.369590276578745045e-300 2.739180553157490091e-300 2.739180553157490091e-300 2.739180553157490091e-300 2.739180553157490091e-300 2.739180553157490091e-300 1.369590276578745045e-300 1.369590276578745045e-300 2.739180553157490091e-300 2.739180553157490091e-300
3.806605291332875804e-300 1.369590276578745045e-300 2.739180553157490091e-300 1.369590276578745045e-300 2.739180553157490091e-300 2.739180553157490091e-300 2.739180553157490091e-300 2.739180553157490091e-300 2.739180553157490091e-300 -0.000000000000000000e+00 1.369590276578745045e-300 -0.000000000000000000e+00 1.369590276578745045e-300 2.739180553157490091e-300 3.646103165910329663e-300 3.646103165910329663e-300 3.646103165910329663e-300 3.646103165910329663e-300 3.646103165910329663e-300 3.646103165910329663e-300 3.646103165910329663e-300 3.646103165910329663e-300 1.823051582955164832e-300 1.823051582955164832e-300 2.739180553157490091e-300 2.739180553157490091e-300 2.739180553157490091e-300 2.739180553157490091e-300 2.739180553157490091e-300 1.369590276578745045e-300 1.369590276578745045e-300 1.369590276578745045e-300 2.739180553157490091e-300 -0.000000000000000000e+00 1.369590276578745045e-300 2.739180553157490091e-300 1.369590276578745045e-300 1.369590276578745045e-300 2.739180553157490091e-300 2.739180553157490091e-300 2.739180553157490091e-300 2.739180553157490091e-300 2.739180553157490091e-300 2.739180553157490091e-300 2.739180553157490091e-300 2.739180553157490091e-300 3.646103165910329663e-300 2.739180553157490091e-300 1.228727898773817024e-300 2.739180553157490091e-300 1.823051582955164832e-300 1.369590276578745045e-300 1.000000000000000000e+00 1.228727898773817024e-300 6.143639493869085118e-301 2.739180553157490091e-300 2.739180553157490091e-300 2.739180553157490091e-300 2.739180553157490091e-300 2.739180553157490091e-300 2.739180553157490091e-300 2.739180553157490091e-300 2.739180553157490091e-300 1.369590276578745045e-300 3.646103165910329663e-300 1.369590276578745045e-300 2.739180553157490091e-300 1.369590276578745045e-300 1.228727898773817024e-300 2.739180553157490091e-300 1.903302645666437902e-300 2.739180553157490091e-300 2.739180553157490091e-300 2.739180553157490091e-300 2.739180553157490091e-300 2.739180553157490091e-300 1.369590276578745045e-300 1.369590276578745045e-300 2.739180553157490091e-300 2.739180553157490091e-300
8.989116110085873523e-02 1.228727898773817024e-300 6.546460991886587921e-02 1.228727898773817024e-300 6.243100800120632982e-02 5.380102710356304135e-02 6.123498146687184757e-02 6.049079117869513716e-02 6.103865996323201010e-02 -0.000000000000000000e+00 1.228727898773817024e-300 -0.000000000000000000e+00 1.228727898773817024e-300 5.838126524209097390e-02 6.569611121229834705e-02 6.024349694487075163e-02 6.299176231646159974e-02 6.594123681116455249e-02 5.881201924168502626e-02 5.983349327786961769e-02 5.477345742093210623e-02 5.221625779296215630e-02 1.228727898773817024e-300 1.228727898773817024e-300 5.727780263808743971e-02 5.380102710356304135e-02 5.814089784570512787e-02 5.727780263808743971e-02 5.860414358946221952e-02 1.228727898773817024e-300 1.228727898773817024e-300 1.228727898773817024e-300 6.215012831242514024e-02 -0.000000000000000000e+00 1.228727898773817024e-300 5.651984593591830031e-02 1.228727898773817024e-300 1.228727898773817024e-300 5.221625779296215630e-02 6.262790111652280500e-02 5.221625779296215630e-02 5.919032633475457966e-02 5.548500320594912383e-02 5.651984593591830031e-02 5.221625779296215630e-02 5.380102710356304135e-02 5.221625779296215630e-02 2.931154822567169083e-01 7.826823498854997840e-01 3.146349334883639104e-01 1.228727898773817024e-300 1.228727898773817024e-300 1.228727898773817024e-300 1.000000000000000000e+00 6.897452744304341209e-300 5.380102710356304135e-02 6.249786274446096634e-02 5.919032633475457966e-02 5.221625779296215630e-02 6.316073916229245078e-02 5.221625779296215630e-02 5.759402370058374493e-02 5.997598785249522862e-02 1.228727898773817024e-300 5.881201924168502626e-02 1.228727898773817024e-300 5.380102710356304135e-02 1.228727898773817024e-300 5.380102710356304135e-02 5.477345742093210623e-02 1.228727898773817024e-300 5.727780263808743971e-02 5.727780263808743971e-02 6.614708385885859077e-02 5.919032633475457966e-02 5.860414358946221952e-02 1.228727898773817024e-300 1.228727898773817024e-300 5.221625779296215630e-02 5.477345742093210623e-02
1.228727898773817024e-300 6.143639493869085118e-301 1.228727898773817024e-300 6.143639493869085118e-301 1.228727898773817024e-300 1.228727898773817024e-300 1.228727898773817024e-300 1.228727898773817024e-300 1.228727898773817024e-300 -0.000000000000000000e+00 6.143639493869085118e-301 -0.000000000000000000e+00 6.143639493869085118e-301 1.228727898773817024e-300 1.228727898773817024e-300 1.228727898773817024e-300 1.228727898773817024e-300 1.228727898773817024e-300 1.228727898773817024e-300 1.228727898773817024e-300 1.228727898773817024e-300 1.228727898773817024e-300 6.143639493869085118e-301 6.143639493869085118e-301 1.228727898773817024e-300 1.228727898773817024e-300 1.228727898773817024e-300 1.228727898773817024e-300 1.228727898773817024e-300 6.143639493869085118e-301 6.143639493869085118e-301 6.143639493869085118e-301 1.228727898773817024e-300 -0.000000000000000000e+00 6.143639493869085118e-301 1.228727898773817024e-300 6.143639493869085118e-301 6.143639493869085118e-301 1.228727898773817024e-300 1.228727898773817024e-300 1.228727898773817024e-300 1.228727898773817024e-300 1.228727898773817024e-300 1.228727898773817024e-300 1.228727898773817024e-300 1.228727898773817024e-300 1.228727898773817024e-300 1.315674808560763889e-299 6.897452744304341209e-300 1.315674808560763889e-299 6.143639493869085118e-301 6.143639493869085118e-301 6.143639493869085118e-301 6.897452744304341209e-300 1.000000000000000000e+00 1.228727898773817024e-300 1.228727898773817024e-300 1.228727898773817024e-300 1.228727898773817024e-300 1.228727898773817024e-300 1.228727898773817024e-300 1.228727898773817024e-300 1.228727898773817024e-300 6.143639493869085118e-301 1.228727898773817024e-300 6.143639493869085118e-301 1.228727898773817024e-300 6.143639493869085118e-301 1.228727898773817024e-300 1.228727898773817024e-300 6.143639493869085118e-301 1.228727898773817024e-300 1.228727898773817024e-300 1.228727898773817024e-300 1.228727898773817024e-300 1.228727898773817024e-300 6.143639493869085118e-301 6.143639493869085118e-301 1.228727898773817024e-300 1.228727898773817024e-300
2.110972896266267440e-01 4.986768171497877481e-300 2.758748278237292961e-01 4.986768171497877481e-300 2.626242418033233883e-01 2.251848014999924541e-01 2.574129825938225591e-01 2.541741131191505021e-01 2.565582774680635891e-01 -0.000000000000000000e+00 4.986768171497877481e-300 -0.000000000000000000e+00 4.986768171497877481e-300 2.450083049294104476e-01 1.520917053467081281e-01 1.390243857439988073e-01 1.456002509375181886e-01 1.526811157951715459e-01 1.356075949993065521e-01 1.380451653403139967e-01 1.259986552023618922e-01 1.199376422795025848e-01 2.739180553157490091e-300 2.739180553157490091e-300 2.402227830272950226e-01 2.251848014999924541e-01 2.439653493402921536e-01 2.402227830272950226e-01 2.459756367892048934e-01 4.986768171497877481e-300 4.986768171497877481e-300 4.986768171497877481e-300 2.613997539398009717e-01 -0.000000000000000000e+00 4.986768171497877481e-300 2.369392243893586603e-01 4.986768171497877481e-300 4.986768171497877481e-300 2.183504173883252797e-01 2.634828321499739778e-01 2.183504173883252797e-01 2.485209759345345104e-01 2.324608429693759970e-01 2.369392243893586603e-01 2.183504173883252797e-01 2.251848014999924541e-01 1.199376422795025848e-01 1.199376422795025848e-01 5.838126524209097390e-02 1.290305238682722400e-01 2.739180553157490091e-300 2.739180553157490091e-300 2.739180553157490091e-300 5.380102710356304135e-02 1.228727898773817024e-300 1.000000000000000000e+00 2.629157526185368909e-01 2.485209759345345104e-01 2.183504173883252797e-01 2.658073668970948877e-01 2.183504173883252797e-01 2.415935482919914223e-01 2.519352299625155500e-01 4.986768171497877481e-300 1.356075949993065521e-01 4.986768171497877481e-300 2.251848014999924541e-01 4.986768171497877481e-300 5.548500320594912383e-02 2.293846905018341598e-01 2.739180553157490091e-300 2.402227830272950226e-01 2.402227830272950226e-01 2.788623232020047138e-01 2.485209759345345104e-01 2.459756367892048934e-01 4.986768171497877481e-300 4.986768171497877481e-300 2.183504173883252797e-01 2.293846905018341598e-01
2.795692261824140878e-01 6.890136555192249756e-300 4.624828574349774679e-01 6.890136555192249756e-300 4.358040478051881106e-01 3.632664234136103731e-01 4.254593432427071775e-01 4.190712830515029297e-01 4.237705363076683662e-01 -0.000000000000000000e+00 4.986768171497877481e-300 -0.000000000000000000e+00 6.890136555192249756e-300 8.527432793521262377e-01 1.846803963834699747e-01 1.657615521457062591e-01 1.751958001523299391e-01 1.855501758363455878e-01 1.609270015743374249e-01 1.643713492372696761e-01 1.475715914510405402e-01 1.393253383555234926e-01 2.739180553157490091e-300 2.739180553157490091e-300 3.919108528250435097e-01 2.629157526185368909e-01 3.991407457756346311e-01 2.836472907724518766e-01 4.030411056131096847e-01 6.890136555192249756e-300 6.890136555192249756e-300 4.986768171497877481e-300 4.333659457006129312e-01 -0.000000000000000000e+00 6.890136555192249756e-300 3.856011260593386614e-01 6.890136555192249756e-300 4.986768171497877481e-300 3.504590472363533493e-01 4.375163315942546816e-01 3.504590472363533493e-01 4.079966087699415933e-01 2.728883404518809841e-01 3.856011260593386614e-01 3.504590472363533493e-01 3.632664234136103731e-01 1.393253383555234926e-01 1.393253383555234926e-01 6.876479988348922767e-02 1.517477505646677716e-01 2.739180553157490091e-300 2.739180553157490091e-300 2.739180553157490091e-300 6.249786274446096634e-02 1.228727898773817024e-300 2.629157526185368909e-01 1.000000000000000000e+00 8.672697405398787085e-01 3.504590472363533493e-01 7.939571154084451576e-01 6.292909205936144668e-01 2.855604018599987581e-01 4.146738713017626421e-01 6.890136555192249756e-300 1.609270015743374249e-01 6.890136555192249756e-300 3.632664234136103731e-01 6.890136555192249756e-300 6.478182044152981656e-02 2.686589295536029320e-01 2.739180553157490091e-300 2.836472907724518766e-01 2.836472907724518766e-01 3.391323071474059425e-01 4.079966087699415933e-01 4.030411056131096847e-01 6.890136555192249756e-300 4.986768171497877481e-300 3.504590472363533493e-01 3.712016776669376239e-01
2.513822921483359618e-01 6.890136555192249756e-300 4.307208353452542382e-01 6.890136555192249756e-300 4.074886053633036131e-01 3.433773943624598979e-01 3.984305113315260716e-01 3.928229698366190181e-01 3.969490900480919793e-01 -0.000000000000000000e+00 4.986768171497877481e-300 -0.000000000000000000e+00 6.890136555192249756e-300 8.014773825195199430e-01 1.719444081970090688e-01 1.554282851067599336e-01 1.636936429808028559e-01 1.726981153388702506e-01 1.511699588395152005e-01 1.542053657783434562e-01 1.393253383555234926e-01 1.319519081425615803e-01 2.739180553157490091e-300 2.739180553157490091e-300 3.688610751257220821e-01 2.485209759345345104e-01 3.752586001642350122e-01 2.669649076483527339e-01 3.787041616295613866e-01 6.890136555192249756e-300 6.890136555192249756e-300 4.986768171497877481e-300 4.053562567970545594e-01 -0.000000000000000000e+00 6.890136555192249756e-300 3.632664234136103731e-01 6.890136555192249756e-300 4.986768171497877481e-300 3.319119160554877546e-01 4.089852314511792097e-01 3.319119160554877546e-01 3.830760283745832662e-01 2.574129825938225591e-01 3.632664234136103731e-01 3.319119160554877546e-01 3.433773943624598979e-01 1.319519081425615803e-01 1.319519081425615803e-01 6.478182044152981656e-02 1.430419355854946617e-01 2.739180553157490091e-300 2.739180553157490091e-300 2.739180553157490091e-300 5.919032633475457966e-02 1.228727898773817024e-300 2.485209759345345104e-01 8.672697405398787085e-01 1.000000000000000000e+00 3.319119160554877546e-01 7.416682558455592877e-01 5.959873396268317025e-01 2.686589295536029875e-01 3.889566248104799340e-01 6.890136555192249756e-300 1.511699588395152005e-01 6.890136555192249756e-300 3.433773943624598979e-01 6.890136555192249756e-300 6.123498146687184757e-02 2.536463549266992357e-01 2.739180553157490091e-300 2.669649076483527339e-01 2.669649076483527339e-01 3.155562475288173907e-01 3.830760283745832662e-01 3.787041616295613866e-01 6.890136555192249756e-300 4.986768171497877481e-300 3.319119160554877546e-01 3.504590472363533493e-01
2.003927156158311629e-01 1.064008005851799155e-299 5.668860381793966452e-01 1.064008005851799155e-299 3.500841568225795397e-01 3.016912238446586847e-01 3.433773943624598979e-01 5.238156157980167205e-01 3.422765143627878315e-01 -0.000000000000000000e+00 4.986768171497877481e-300 -0.000000000000000000e+00 6.890136555192249756e-300 3.273750764382639122e-01 1.464551349655038859e-01 1.342997220542226366e-01 1.404263796065498837e-01 1.470015889641194118e-01 1.311085550832782609e-01 1.333857084044198504e-01 1.221054633384174720e-01 1.164047451416002771e-01 2.739180553157490091e-300 2.739180553157490091e-300 4.959929747289220647e-01 2.183504173883252797e-01 5.034668850359476089e-01 2.324608429693759970e-01 5.074783279316952278e-01 6.890136555192249756e-300 6.890136555192249756e-300 4.986768171497877481e-300 3.485091137123729754e-01 -0.000000000000000000e+00 6.890136555192249756e-300 3.169370997155087633e-01 1.064008005851799155e-299 4.986768171497877481e-300 2.928045720730055312e-01 5.423217641934692246e-01 4.521628945088377871e-01 5.125543348694856505e-01 2.251848014999924541e-01 3.169370997155087633e-01 4.521628945088377871e-01 4.658860893316320584e-01 1.164047451416002771e-01 1.164047451416002771e-01 5.651984593591830031e-02 1.249507496614606777e-01 2.739180553157490091e-300 2.739180553157490091e-300 2.739180553157490091e-300 5.221625779296215630e-02 1.228727898773817024e-300 2.183504173883252797e-01 3.504590472363533493e-01 3.319119160554877546e-01 1.000000000000000000e+00 3.541761509520201523e-01 2.928045720730055312e-01 2.337442199735015602e-01 3.363175417019753088e-01 6.890136555192249756e-300 1.311085550832782609e-01 6.890136555192249756e-300 3.016912238446586847e-01 6.890136555192249756e-300 5.380102710356304135e-02 2.222970068329817306e-01 2.739180553157490091e-300 2.324608429693759970e-01 2.324608429693759970e-01 2.684566475245935280e-01 3.319119160554877546e-01 5.074783279316952278e-01 6.890136555192249756e-300 4.986768171497877481e-300 2.928045720730055312e-01 3.071441623542897625e-01
2.855834227364860145e-01 6.890136555192249756e-300 4.689781139110001384e-01 6.890136555192249756e-300 4.415668782066557996e-01 3.672617198779783987e-01 4.309501119827756632e-01 4.243973752516006503e-01 4.292175227072266841e-01 -0.000000000000000000e+00 4.986768171497877481e-300 -0.000000000000000000e+00 6.890136555192249756e-300 7.290945207819863327e-01 1.872858358676543766e-01 1.678574967773061033e-01 1.775387998328814554e-01 1.881803892700677494e-01 1.629017414930954422e-01 1.664320663809650547e-01 1.492304736119751396e-01 1.408030765876273349e-01 2.739180553157490091e-300 2.739180553157490091e-300 3.965651046275435743e-01 2.658073668970948877e-01 4.039693607939084941e-01 2.870158270220496410e-01 4.079651332111488560e-01 6.890136555192249756e-300 6.890136555192249756e-300 4.986768171497877481e-300 4.390640547187604215e-01 -0.000000000000000000e+00 6.890136555192249756e-300 3.901058569691087663e-01 6.890136555192249756e-300 4.986768171497877481e-300 3.541761509520201523e-01 4.433248373173236945e-01 3.541761509520201523e-01 4.130432234170711148e-01 2.760047772151951739e-01 3.901058569691087663e-01 3.541761509520201523e-01 3.672617198779783987e-01 1.408030765876273349e-01 1.408030765876273349e-01 6.956813498446515198e-02 1.535024095219774953e-01 2.739180553157490091e-300 2.739180553157490091e-300 2.739180553157490091e-300 6.316073916229245078e-02 1.228727898773817024e-300 2.658073668970948877e-01 7.939571154084451576e-01 7.416682558455592877e-01 3.541761509520201523e-01 1.000000000000000000e+00 6.359654226149487055e-01 2.889748042541984141e-01 4.198880787420436467e-01 6.890136555192249756e-300 1.629017414930954422e-01 6.890136555192249756e-300 3.672617198779783987e-01 6.890136555192249756e-300 6.549430736981022572e-02 2.716789790172567387e-01 2.739180553157490091e-300 2.870158270220496410e-01 2.870158270220496410e-01 3.439588074590785305e-01 4.130432234170711148e-01 4.079651332111488560e-01 6.890136555192249756e-300 4.986768171497877481e-300 3.541761509520201523e-01 3.753744309396769285e-01
2.003927156158311629e-01 6.890136555192249756e-300 3.670951903375066494e-01 6.890136555192249756e-300 3.500841568225795397e-01 3.016912238446586847e-01 3.433773943624598979e-01 3.392043201499330141e-01 3.422765143627878315e-01 -0.000000000000000000e+00 4.986768171497877481e-300 -0.000000000000000000e+00 6.890136555192249756e-300 5.878409042535056583e-01 1.464551349655038859e-01 1.342997220542226366e-01 1.404263796065498837e-01 1.470015889641194118e-01 1.311085550832782609e-01 1.333857084044198504e-01 1.221054633384174720e-01 1.164047451416002771e-01 2.739180553157490091e-300 2.739180553157490091e-300 3.211873695971320108e-01 2.183504173883252797e-01 3.260272074868327263e-01 2.324608429693759970e-01 3.286248749087926080e-01 6.890136555192249756e-300 6.890136555192249756e-300 4.986768171497877481e-300 3.485091137123729754e-01 -0.000000000000000000e+00 6.890136555192249756e-300 3.169370997155087633e-01 6.890136555192249756e-300 4.986768171497877481e-300 2.928045720730055312e-01 3.511882421555987399e-01 2.928045720730055312e-01 3.319119160554877546e-01 2.251848014999924541e-01 3.169370997155087633e-01 2.928045720730055312e-01 3.016912238446586847e-01 1.164047451416002771e-01 1.164047451416002771e-01 5.651984593591830031e-02 1.249507496614606777e-01 2.739180553157490091e-300 2.739180553157490091e-300 2.739180553157490091e-300 5.221625779296215630e-02 1.228727898773817024e-300 2.183504173883252797e-01 6.292909205936144668e-01 5.959873396268317025e-01 2.928045720730055312e-01 6.359654226149487055e-01 1.000000000000000000e+00 2.337442199735015602e-01 3.363175417019753088e-01 6.890136555192249756e-300 1.311085550832782609e-01 6.890136555192249756e-300 3.016912238446586847e-01 6.890136555192249756e-300 5.380102710356304135e-02 2.222970068329817306e-01 2.739180553157490091e-300 2.324608429693759970e-01 2.324608429693759970e-01 2.684566475245935280e-01 3.319119160554877546e-01 3.286248749087926080e-01 6.890136555192249756e-300 4.986768171497877481e-300 2.928045720730055312e-01 3.071441623542897625e-01
2.387743422616131483e-01 4.986768171497877481e-300 3.009130886615094536e-01 4.986768171497877481e-300 2.852165463769228415e-01 2.415935482919914223e-01 2.790805968681991933e-01 2.752775461758669717e-01 2.780762277813343952e-01 -0.000000000000000000e+00 4.986768171497877481e-300 -0.000000000000000000e+00 4.986768171497877481e-300 2.645586184077537983e-01 1.659507841222111202e-01 1.505143425439559590e-01 1.582523257042777465e-01 1.666527544916633352e-01 1.465175561753587763e-01 1.493672419207795754e-01 1.353638805270586387e-01 1.283932999781027817e-01 2.739180553157490091e-300 2.739180553157490091e-300 2.589875924647319638e-01 2.415935482919914223e-01 2.633429908403209230e-01 2.589875924647319638e-01 2.656868403726368455e-01 4.986768171497877481e-300 4.986768171497877481e-300 4.986768171497877481e-300 2.837729022855214334e-01 -0.000000000000000000e+00 4.986768171497877481e-300 2.551750837569999875e-01 4.986768171497877481e-300 4.986768171497877481e-300 2.337442199735015602e-01 2.862294962859899816e-01 2.337442199735015602e-01 2.686589295536029875e-01 2.499883688489294153e-01 2.551750837569999875e-01 2.337442199735015602e-01 2.415935482919914223e-01 1.283932999781027817e-01 1.283932999781027817e-01 6.287453791740894860e-02 1.388694744068085796e-01 2.739180553157490091e-300 2.739180553157490091e-300 2.739180553157490091e-300 5.759402370058374493e-02 1.228727898773817024e-300 2.415935482919914223e-01 2.855604018599987581e-01 2.686589295536029875e-01 2.337442199735015602e-01 2.889748042541984141e-01 2.337442199735015602e-01 1.000000000000000000e+00 2.726533707192032585e-01 4.986768171497877481e-300 1.465175561753587763e-01 4.986768171497877481e-300 2.415935482919914223e-01 4.986768171497877481e-300 5.952807965824558067e-02 2.464343908270899830e-01 2.739180553157490091e-300 2.589875924647319638e-01 2.589875924647319638e-01 3.044709769261449983e-01 2.686589295536029875e-01 2.656868403726368455e-01 4.986768171497877481e-300 4.986768171497877481e-300 2.337442199735015602e-01 2.464343908270899830e-01
2.578163890924484725e-01 6.890136555192249756e-300 4.381694097853349734e-01 6.890136555192249756e-300 4.141491145794440332e-01 3.480948136765080192e-01 4.047958850272516673e-01 3.990090399380458175e-01 4.032668417299566377e-01 -0.000000000000000000e+00 4.986768171497877481e-300 -0.000000000000000000e+00 6.890136555192249756e-300 3.827409107389957987e-01 1.749304498850710876e-01 1.578641657883376737e-01 1.663977359799321543e-01 1.757106219661707935e-01 1.534732055300621067e-01 1.566027703169605712e-01 1.412794597006949704e-01 1.337033689443444529e-01 2.739180553157490091e-300 2.739180553157490091e-300 3.743102376431965972e-01 2.519352299625155500e-01 3.808998677895986118e-01 2.709087642012368291e-01 3.844502923342423273e-01 6.890136555192249756e-300 6.890136555192249756e-300 4.986768171497877481e-300 4.119466770955423351e-01 -0.000000000000000000e+00 6.890136555192249756e-300 3.685503566450117896e-01 6.890136555192249756e-300 4.986768171497877481e-300 3.363175417019753088e-01 4.156951588309272250e-01 3.363175417019753088e-01 3.889566248104799340e-01 2.610777309092450205e-01 3.685503566450117896e-01 3.363175417019753088e-01 3.480948136765080192e-01 1.337033689443444529e-01 1.337033689443444529e-01 6.572411180610203407e-02 1.451024734070666955e-01 2.739180553157490091e-300 2.739180553157490091e-300 2.739180553157490091e-300 5.997598785249522862e-02 1.228727898773817024e-300 2.519352299625155500e-01 4.146738713017626421e-01 3.889566248104799340e-01 3.363175417019753088e-01 4.198880787420436467e-01 3.363175417019753088e-01 2.726533707192032585e-01 1.000000000000000000e+00 6.890136555192249756e-300 1.534732055300621067e-01 6.890136555192249756e-300 3.480948136765080192e-01 6.890136555192249756e-300 6.207624559494160504e-02 2.572038970230436372e-01 2.739180553157490091e-300 2.709087642012368291e-01 2.709087642012368291e-01 3.210812905048922028e-01 3.889566248104799340e-01 3.844502923342423273e-01 6.890136555192249756e-300 4.986768171497877481e-300 3.363175417019753088e-01 3.553744453462469033e-01
2.739180553157490091e-300 3.445068277596124878e-300 6.890136555192249756e-300 3.445068277596124878e-300 6.890136555192249756e-300 6.890136555192249756e-300 6.890136555192249756e-300 6.890136555192249756e-300 6.890136555192249756e-300 -0.000000000000000000e+00 2.493384085748938740e-300 -0.000000000000000000e+00 4.367585755674109097e-300 6.890136555192249756e-300 2.739180553157490091e-300 2.739180553157490091e-300 2.739180553157490091e-300 2.739180553157490091e-300 2.739180553157490091e-300 2.739180553157490091e-300 2.739180553157490091e-300 2.739180553157490091e-300 1.369590276578745045e-300 1.369590276578745045e-300 6.890136555192249756e-300 4.986768171497877481e-300 6.890136555192249756e-300 4.986768171497877481e-300 6.890136555192249756e-300 4.367585755674109097e-300 4.367585755674109097e-300 2.493384085748938740e-300 6.890136555192249756e-300 -0.000000000000000000e+00 3.445068277596124878e-300 6.890136555192249756e-300 3.445068277596124878e-300 2.493384085748938740e-300 6.890136555192249756e-300 6.890136555192249756e-300 6.890136555192249756e-300 6.890136555192249756e-300 4.986768171497877481e-300 6.890136555192249756e-300 6.890136555192249756e-300 6.890136555192249756e-300 2.739180553157490091e-300 2.739180553157490091e-300 1.228727898773817024e-300 2.739180553157490091e-300 1.369590276578745045e-300 1.369590276578745045e-300 1.369590276578745045e-300 1.228727898773817024e-300 6.143639493869085118e-301 4.986768171497877481e-300 6.890136555192249756e-300 6.890136555192249756e-300 6.890136555192249756e-300 6.890136555192249756e-300 6.890136555192249756e-300 4.986768171497877481e-300 6.890136555192249756e-300 1.000000000000000000e+00 2.739180553157490091e-300 4.367585755674109097e-300 8.735171511348218194e-300 3.445068277596124878e-300 1.228727898773817024e-300 4.986768171497877481e-300 1.369590276578745045e-300 4.986768171497877481e-300 4.986768171497877481e-300 4.986768171497877481e-300 8.735171511348218194e-300 6.890136555192249756e-300 3.445068277596124878e-300 2.493384085748938740e-300 8.735171511348218194e-300 6.890136555192249756e-300
3.305622355989987216e-01 2.739180553157490091e-300 1.698159685461418933e-01 2.739180553157490091e-300 1.607281986498725057e-01 1.356075949993065521e-01 1.571827364524636950e-01 1.549872487128265974e-01 1.566027703169605712e-01 -0.000000000000000000e+00 2.739180553157490091e-300 -0.000000000000000000e+00 2.739180553157490091e-300 1.488074025219946472e-01 6.471157677669431285e-01 6.322055776609536437e-01 6.655588217150649744e-01 7.018642834708103129e-01 6.150115161787317319e-01 6.272684590337170851e-01 5.671485973205274700e-01 5.373255727506101032e-01 1.122605430788093989e-299 1.122605430788093989e-299 1.456002509375182163e-01 1.356075949993065521e-01 1.481073084385123584e-01 1.456002509375182163e-01 1.494572968864449625e-01 2.739180553157490091e-300 2.739180553157490091e-300 2.739180553157490091e-300 1.598936793370756004e-01 -0.000000000000000000e+00 2.739180553157490091e-300 1.434073168783945029e-01 2.739180553157490091e-300 2.739180553157490091e-300 1.311085550832782609e-01 1.613138797366913679e-01 1.311085550832782609e-01 1.511699588395152005e-01 1.404263796065498837e-01 1.434073168783945029e-01 1.311085550832782609e-01 1.356075949993065521e-01 1.745176371145129579e-01 1.311085550832782609e-01 6.432893623374430492e-02 1.420513965283682900e-01 3.646103165910329663e-300 2.739180553157490091e-300 3.646103165910329663e-300 5.881201924168502626e-02 1.228727898773817024e-300 1.356075949993065521e-01 1.609270015743374249e-01 1.511699588395152005e-01 1.311085550832782609e-01 1.629017414930954422e-01 1.311085550832782609e-01 1.465175561753587763e-01 1.534732055300621067e-01 2.739180553157490091e-300 1.000000000000000000e+00 2.739180553157490091e-300 1.356075949993065521e-01 2.739180553157490091e-300 6.083017604268475126e-02 1.383854349822920271e-01 3.646103165910329663e-300 1.456002509375182163e-01 1.456002509375182163e-01 1.718794776853689033e-01 1.511699588395152005e-01 1.494572968864449625e-01 2.739180553157490091e-300 2.739180553157490091e-300 1.311085550832782609e-01 1.383854349822920271e-01
2.739180553157490091e-300 3.445068277596124878e-300 6.890136555192249756e-300 3.445068277596124878e-300 6.890136555192249756e-300 6.890136555192249756e-300 6.890136555192249756e-300 6.890136555192249756e-300 6.890136555192249756e-300 -0.000000000000000000e+00 2.493384085748938740e-300 -0.000000000000000000e+00 4.367585755674109097e-300 6.890136555192249756e-300 2.739180553157490091e-300 2.739180553157490091e-300 2.739180553157490091e-300 2.739180553157490091e-300 2.739180553157490091e-300 2.739180553157490091e-300 2.739180553157490091e-300 2.739180553157490091e-300 1.369590276578745045e-300 1.369590276578745045e-300 6.890136555192249756e-300 4.986768171497877481e-300 6.890136555192249756e-300 4.986768171497877481e-300 6.890136555192249756e-300 4.367585755674109097e-300 4.367585755674109097e-300 2.493384085748938740e-300 6.890136555192249756e-300 -0.000000000000000000e+00 3.445068277596124878e-300 6.890136555192249756e-300 3.445068277596124878e-300 2.493384085748938740e-300 6.890136555192249756e-300 6.890136555192249756e-300 6.890136555192249756e-300 6.890136555192249756e-300 4.986768171497877481e-300 6.890136555192249756e-300 6.890136555192249756e-300 6.890136555192249756e-300 2.739180553157490091e-300 2.739180553157490091e-300 1.228727898773817024e-300 2.739180553157490091e-300 1.369590276578745045e-300 1.369590276578745045e-300 1.369590276578745045e-300 1.228727898773817024e-300 6.143639493869085118e-301 4.986768171497877481e-300 6.890136555192249756e-300 6.890136555192249756e-300 6.890136555192249756e-300 6.890136555192249756e-300 6.890136555192249756e-300 4.986768171497877481e-300 6.890136555192249756e-300 4.367585755674109097e-300 2.739180553157490091e-300 1.000000000000000000e+00 8.735171511348218194e-300 3.445068277596124878e-300 1.228727898773817024e-300 4.986768171497877481e-300 1.369590276578745045e-300 4.986768171497877481e-300 4.986768171497877481e-300 4.986768171497877481e-300 8.735171511348218194e-300 6.890136555192249756e-300 3.445068277596124878e-300 2.493384085748938740e-300 8.735171511348218194e-300 6.890136555192249756e-300
2.110972896266267440e-01 6.890136555192249756e-300 3.811717670594453877e-01 6.890136555192249756e-300 3.628636476568353753e-01 3.111341813234457243e-01 3.556633354820709636e-01 3.511882421555987399e-01 3.544824032974626671e-01 -0.000000000000000000e+00 4.986768171497877481e-300 -0.000000000000000000e+00 8.735171511348218194e-300 3.385239939102188123e-01 1.520917053467081281e-01 1.390243857439988073e-01 1.456002509375181886e-01 1.526811157951715459e-01 1.356075949993065521e-01 1.380451653403139967e-01 1.259986552023618922e-01 1.199376422795025848e-01 2.739180553157490091e-300 2.739180553157490091e-300 3.319119160554877546e-01 2.251848014999924541e-01 3.370829591191694674e-01 2.402227830272950226e-01 3.398605406232315107e-01 8.735171511348218194e-300 8.735171511348218194e-300 4.986768171497877481e-300 3.611717926718640559e-01 -0.000000000000000000e+00 6.890136555192249756e-300 3.273750764382639122e-01 6.890136555192249756e-300 4.986768171497877481e-300 3.016912238446586847e-01 3.640499479880207057e-01 3.016912238446586847e-01 3.433773943624598979e-01 2.324608429693759970e-01 3.273750764382639122e-01 3.016912238446586847e-01 3.111341813234457243e-01 1.199376422795025848e-01 1.199376422795025848e-01 5.838126524209097390e-02 1.290305238682722400e-01 2.739180553157490091e-300 2.739180553157490091e-300 2.739180553157490091e-300 5.380102710356304135e-02 1.228727898773817024e-300 2.251848014999924541e-01 3.632664234136103731e-01 3.433773943624598979e-01 3.016912238446586847e-01 3.672617198779783987e-01 3.016912238446586847e-01 2.415935482919914223e-01 3.480948136765080192e-01 8.735171511348218194e-300 1.356075949993065521e-01 8.735171511348218194e-300 1.000000000000000000e+00 6.890136555192249756e-300 5.548500320594912383e-02 2.293846905018341598e-01 2.739180553157490091e-300 2.402227830272950226e-01 2.402227830272950226e-01 2.788623232020047138e-01 4.353267034476430708e-01 3.398605406232315107e-01 6.890136555192249756e-300 4.986768171497877481e-300 3.824778453433873016e-01 3.169370997155087633e-01
2.739180553157490091e-300 3.445068277596124878e-300 6.890136555192249756e-300 3.445068277596124878e-300 6.890136555192249756e-300 6.890136555192249756e-300 6.890136555192249756e-300 6.890136555192249756e-300 6.890136555192249756e-300 -0.000000000000000000e+00 2.493384085748938740e-300 -0.000000000000000000e+00 3.445068277596124878e-300 6.890136555192249756e-300 2.739180553157490091e-300 2.739180553157490091e-300 2.739180553157490091e-300 2.739180553157490091e-300 2.739180553157490091e-300 2.739180553157490091e-300 2.739180553157490091e-300 2.739180553157490091e-300 1.369590276578745045e-300 1.369590276578745045e-300 6.890136555192249756e-300 4.986768171497877481e-300 6.890136555192249756e-300 4.986768171497877481e-300 6.890136555192249756e-300 3.445068277596124878e-300 3.445068277596124878e-300 2.493384085748938740e-300 1.186775474272211363e-299 -0.000000000000000000e+00 5.933877371361056815e-300 1.186775474272211363e-299 3.445068277596124878e-300 2.493384085748938740e-300 6.890136555192249756e-300 6.890136555192249756e-300 6.890136555192249756e-300 6.890136555192249756e-300 4.986768171497877481e-300 6.890136555192249756e-300 6.890136555192249756e-300 6.890136555192249756e-300 2.739180553157490091e-300 2.739180553157490091e-300 1.228727898773817024e-300 2.739180553157490091e-300 1.369590276578745045e-300 1.369590276578745045e-300 1.369590276578745045e-300 1.228727898773817024e-300 6.143639493869085118e-301 4.986768171497877481e-300 6.890136555192249756e-300 6.890136555192249756e-300 6.890136555192249756e-300 6.890136555192249756e-300 6.890136555192249756e-300 4.986768171497877481e-300 6.890136555192249756e-300 3.445068277596124878e-300 2.739180553157490091e-300 3.445068277596124878e-300 6.890136555192249756e-300 1.000000000000000000e+00 1.228727898773817024e-300 4.986768171497877481e-300 1.369590276578745045e-300 4.986768171497877481e-300 4.986768171497877481e-300 4.986768171497877481e-300 6.890136555192249756e-300 6.890136555192249756e-300 3.445068277596124878e-300 2.493384085748938740e-300 6.890136555192249756e-300 6.890136555192249756e-300
9.469296531796009275e-02 1.228727898773817024e-300 6.797490596291773379e-02 1.228727898773817024e-300 6.470999286520606741e-02 5.548500320594912383e-02 6.342595090491331966e-02 6.262790111652280500e-02 6.321535358072898070e-02 -0.000000000000000000e+00 1.228727898773817024e-300 -0.000000000000000000e+00 1.228727898773817024e-300 6.036946762809369815e-02 6.822453573429794471e-02 6.236286292870842074e-02 6.531263161501829617e-02 6.848893052237460533e-02 6.083017604268475126e-02 6.192360914250978621e-02 5.651984593591830031e-02 5.380102710356304135e-02 1.228727898773817024e-300 1.228727898773817024e-300 5.919032633475457966e-02 5.548500320594912383e-02 6.011248583438284776e-02 5.919032633475457966e-02 6.060781591352144837e-02 1.228727898773817024e-300 1.228727898773817024e-300 1.228727898773817024e-300 6.440828194785896965e-02 -0.000000000000000000e+00 1.228727898773817024e-300 5.838126524209097390e-02 1.228727898773817024e-300 1.228727898773817024e-300 5.380102710356304135e-02 6.492154749864124941e-02 5.380102710356304135e-02 6.123498146687184757e-02 5.727780263808743971e-02 5.838126524209097390e-02 5.380102710356304135e-02 5.548500320594912383e-02 5.380102710356304135e-02 5.380102710356304135e-02 5.838126524209097390e-02 5.787986640296197138e-02 1.228727898773817024e-300 1.228727898773817024e-300 1.228727898773817024e-300 5.380102710356304135e-02 1.228727898773817024e-300 5.548500320594912383e-02 6.478182044152981656e-02 6.123498146687184757e-02 5.380102710356304135e-02 6.549430736981022572e-02 5.380102710356304135e-02 5.952807965824558067e-02 6.207624559494160504e-02 1.228727898773817024e-300 6.083017604268475126e-02 1.228727898773817024e-300 5.548500320594912383e-02 1.228727898773817024e-300 1.000000000000000000e+00 5.651984593591830031e-02 1.228727898773817024e-300 5.919032633475457966e-02 5.919032633475457966e-02 6.871101776769854286e-02 6.123498146687184757e-02 6.060781591352144837e-02 1.228727898773817024e-300 1.228727898773817024e-300 5.380102710356304135e-02 5.651984593591830031e-02
2.179063206445753242e-01 4.986768171497877481e-300 2.822049338747073532e-01 4.986768171497877481e-300 2.683545513860263187e-01 2.293846905018341598e-01 2.629157526185368909e-01 2.595378356572823897e-01 2.620241777766684210e-01 -0.000000000000000000e+00 4.986768171497877481e-300 -0.000000000000000000e+00 4.986768171497877481e-300 2.499883688489294153e-01 1.555946478685356349e-01 1.419454786921826028e-01 1.488074025219946472e-01 1.562115763844055816e-01 1.383854349822920271e-01 1.409248275082767565e-01 1.283932999781027540e-01 1.221054633384174720e-01 2.739180553157490091e-300 2.739180553157490091e-300 2.450083049294104476e-01 2.293846905018341598e-01 2.489026778567066389e-01 5.711574188254275874e-01 2.509955053587828444e-01 4.986768171497877481e-300 4.986768171497877481e-300 4.986768171497877481e-300 2.670761753739991362e-01 -0.000000000000000000e+00 4.986768171497877481e-300 2.415935482919913668e-01 4.986768171497877481e-300 4.986768171497877481e-300 2.222970068329817306e-01 2.692510823423846511e-01 2.222970068329817306e-01 2.536463549266992357e-01 2.369392243893586603e-01 2.415935482919913668e-01 2.222970068329817306e-01 2.293846905018341598e-01 1.221054633384174720e-01 1.221054633384174720e-01 5.952807965824556680e-02 1.315429474256953890e-01 2.739180553157490091e-300 2.739180553157490091e-300 2.739180553157490091e-300 5.477345742093210623e-02 1.228727898773817024e-300 2.293846905018341598e-01 2.686589295536029320e-01 2.536463549266992357e-01 2.222970068329817306e-01 2.716789790172567387e-01 2.222970068329817306e-01 2.464343908270899830e-01 2.572038970230436372e-01 4.986768171497877481e-300 1.383854349822920271e-01 4.986768171497877481e-300 2.293846905018341598e-01 4.986768171497877481e-300 5.651984593591830031e-02 1.000000000000000000e+00 2.739180553157490091e-300 2.450083049294104476e-01 8.668126526604027493e-01 2.853318787429447445e-01 2.536463549266992357e-01 2.509955053587828444e-01 4.986768171497877481e-300 4.986768171497877481e-300 7.818895175148125043e-01 2.337442199735015325e-01
3.806605291332875804e-300 1.369590276578745045e-300 2.739180553157490091e-300 1.369590276578745045e-300 2.739180553157490091e-300 2.739180553157490091e-300 2.739180553157490091e-300 2.739180553157490091e-300 2.739180553157490091e-300 -0.000000000000000000e+00 1.369590276578745045e-300 -0.000000000000000000e+00 1.369590276578745045e-300 2.739180553157490091e-300 3.646103165910329663e-300 3.646103165910329663e-300 3.646103165910329663e-300 3.646103165910329663e-300 3.646103165910329663e-300 3.646103165910329663e-300 3.646103165910329663e-300 3.646103165910329663e-300 1.823051582955164832e-300 1.823051582955164832e-300 2.739180553157490091e-300 2.739180553157490091e-300 2.739180553157490091e-300 2.739180553157490091e-300 2.739180553157490091e-300 1.369590276578745045e-300 1.369590276578745045e-300 1.369590276578745045e-300 2.739180553157490091e-300 -0.000000000000000000e+00 1.369590276578745045e-300 2.739180553157490091e-300 1.369590276578745045e-300 1.369590276578745045e-300 2.739180553157490091e-300 2.739180553157490091e-300 2.739180553157490091e-300 2.739180553157490091e-300 2.739180553157490091e-300 2.739180553157490091e-300 2.739180553157490091e-300 2.739180553157490091e-300 3.646103165910329663e-300 2.739180553157490091e-300 1.228727898773817024e-300 2.739180553157490091e-300 1.823051582955164832e-300 1.369590276578745045e-300 1.903302645666437902e-300 1.228727898773817024e-300 6.143639493869085118e-301 2.739180553157490091e-300 2.739180553157490091e-300 2.739180553157490091e-300 2.739180553157490091e-300 2.739180553157490091e-300 2.739180553157490091e-300 2.739180553157490091e-300 2.739180553157490091e-300 1.369590276578745045e-300 3.646103165910329663e-300 1.369590276578745045e-300 2.739180553157490091e-300 1.369590276578745045e-300 1.228727898773817024e-300 2.739180553157490091e-300 1.000000000000000000e+00 2.739180553157490091e-300 2.739180553157490091e-300 2.739180553157490091e-300 2.739180553157490091e-300 2.739180553157490091e-300 1.369590276578745045e-300 1.369590276578745045e-300 2.739180553157490091e-300 2.739180553157490091e-300
2.363477256377067015e-01 4.986768171497877481e-300 2.987895020559556691e-01 4.986768171497877481e-300 2.833080244367393030e-01 2.402227830272950226e-01 2.772530457502503931e-01 2.734993053354212722e-01 2.762617643951912894e-01 -0.000000000000000000e+00 4.986768171497877481e-300 -0.000000000000000000e+00 4.986768171497877481e-300 2.629157526185368909e-01 1.647749862324175141e-01 1.495464745051865996e-01 1.571827364524636950e-01 1.654670238707304508e-01 1.456002509375182163e-01 1.484140235917843220e-01 1.345805461863161800e-01 1.276883541672742817e-01 2.739180553157490091e-300 2.739180553157490091e-300 2.574129825938225591e-01 2.402227830272950226e-01 2.617151416131580643e-01 2.574129825938225591e-01 2.640299764348999489e-01 4.986768171497877481e-300 4.986768171497877481e-300 4.986768171497877481e-300 2.818835877024465364e-01 -0.000000000000000000e+00 4.986768171497877481e-300 2.536463549266992357e-01 4.986768171497877481e-300 4.986768171497877481e-300 2.324608429693759970e-01 2.843074396745195465e-01 2.324608429693759970e-01 2.669649076483527339e-01 2.485209759345345104e-01 2.536463549266992357e-01 2.324608429693759970e-01 2.402227830272950226e-01 1.276883541672742817e-01 1.276883541672742817e-01 6.249786274446096634e-02 1.380451653403139967e-01 2.739180553157490091e-300 2.739180553157490091e-300 2.739180553157490091e-300 5.727780263808743971e-02 1.228727898773817024e-300 2.402227830272950226e-01 2.836472907724518766e-01 2.669649076483527339e-01 2.324608429693759970e-01 2.870158270220496410e-01 2.324608429693759970e-01 2.589875924647319638e-01 2.709087642012368291e-01 4.986768171497877481e-300 1.456002509375182163e-01 4.986768171497877481e-300 2.402227830272950226e-01 4.986768171497877481e-300 5.919032633475457966e-02 2.450083049294104476e-01 2.739180553157490091e-300 1.000000000000000000e+00 2.574129825938225591e-01 3.022970577903023037e-01 2.669649076483527339e-01 2.640299764348999489e-01 4.986768171497877481e-300 4.986768171497877481e-300 2.324608429693759970e-01 2.450083049294104476e-01
2.363477256377067015e-01 4.986768171497877481e-300 2.987895020559556691e-01 4.986768171497877481e-300 2.833080244367393030e-01 2.402227830272950226e-01 2.772530457502503931e-01 2.734993053354212722e-01 2.762617643951912894e-01 -0.000000000000000000e+00 4.986768171497877481e-300 -0.000000000000000000e+00 4.986768171497877481e-300 2.629157526185368909e-01 1.647749862324175141e-01 1.495464745051865996e-01 1.571827364524636950e-01 1.654670238707304508e-01 1.456002509375182163e-01 1.484140235917843220e-01 1.345805461863161800e-01 1.276883541672742817e-01 2.739180553157490091e-300 2.739180553157490091e-300 2.574129825938225591e-01 2.402227830272950226e-01 2.617151416131580643e-01 6.000749025744307463e-01 2.640299764348999489e-01 4.986768171497877481e-300 4.986768171497877481e-300 4.986768171497877481e-300 2.818835877024465364e-01 -0.000000000000000000e+00 4.986768171497877481e-300 2.536463549266992357e-01 4.986768171497877481e-300 4.986768171497877481e-300 2.324608429693759970e-01 2.843074396745195465e-01 2.324608429693759970e-01 2.669649076483527339e-01 2.485209759345345104e-01 2.536463549266992357e-01 2.324608429693759970e-01 2.402227830272950226e-01 1.276883541672742817e-01 1.276883541672742817e-01 6.249786274446096634e-02 1.380451653403139967e-01 2.739180553157490091e-300 2.739180553157490091e-300 2.739180553157490091e-300 5.727780263808743971e-02 1.228727898773817024e-300 2.402227830272950226e-01 2.836472907724518766e-01 2.669649076483527339e-01 2.324608429693759970e-01 2.870158270220496410e-01 2.324608429693759970e-01 2.589875924647319638e-01 2.709087642012368291e-01 4.986768171497877481e-300 1.456002509375182163e-01 4.986768171497877481e-300 2.402227830272950226e-01 4.986768171497877481e-300 5.919032633475457966e-02 8.668126526604027493e-01 2.739180553157490091e-300 2.574129825938225591e-01 1.000000000000000000e+00 3.022970577903023037e-01 2.669649076483527339e-01 2.640299764348999489e-01 4.986768171497877481e-300 4.986768171497877481e-300 8.176389729213612290e-01 2.450083049294104476e-01
3.143700836565304080e-01 4.986768171497877481e-300 3.610063647094138850e-01 4.986768171497877481e-300 3.386474428373810741e-01 2.788623232020047138e-01 3.300319291665214649e-01 3.247266820742127913e-01 3.286282730794881091e-01 -0.000000000000000000e+00 4.986768171497877481e-300 -0.000000000000000000e+00 4.986768171497877481e-300 3.099145172043211161e-01 1.992511134382249083e-01 1.774057870229538425e-01 1.882554204583530844e-01 2.002639292330742893e-01 1.718794776853689033e-01 1.758143466854791837e-01 1.567298712452083187e-01 1.474604800095095924e-01 2.739180553157490091e-300 2.739180553157490091e-300 3.022970577903023037e-01 2.788623232020047138e-01 3.082476593324197656e-01 3.022970577903023037e-01 3.114638766979498929e-01 4.986768171497877481e-300 4.986768171497877481e-300 4.986768171497877481e-300 3.366141744930545299e-01 -0.000000000000000000e+00 4.986768171497877481e-300 2.971155879168252412e-01 4.986768171497877481e-300 4.986768171497877481e-300 2.684566475245935280e-01 3.400764130587713430e-01 2.684566475245935280e-01 3.155562475288173907e-01 2.901071980928766059e-01 2.971155879168252412e-01 2.684566475245935280e-01 2.788623232020047138e-01 1.474604800095095924e-01 1.474604800095095924e-01 7.320857907945026166e-02 1.614487461842359639e-01 2.739180553157490091e-300 2.739180553157490091e-300 2.739180553157490091e-300 6.614708385885859077e-02 1.228727898773817024e-300 2.788623232020047138e-01 3.391323071474059425e-01 3.155562475288173907e-01 2.684566475245935280e-01 3.439588074590785305e-01 2.684566475245935280e-01 3.044709769261449983e-01 3.210812905048922028e-01 4.986768171497877481e-300 1.718794776853689033e-01 4.986768171497877481e-300 2.788623232020047138e-01 4.986768171497877481e-300 6.871101776769854286e-02 2.853318787429447445e-01 2.739180553157490091e-300 3.022970577903023037e-01 3.022970577903023037e-01 1.000000000000000000e+00 3.155562475288173907e-01 3.114638766979498929e-01 4.986768171497877481e-300 4.986768171497877481e-300 2.684566475245935280e-01 2.853318787429447445e-01
2.513822921483359618e-01 6.890136555192249756e-300 4.307208353452542382e-01 6.890136555192249756e-300 4.074886053633036131e-01 3.433773943624598979e-01 3.984305113315260716e-01 3.928229698366190181e-01 3.969490900480919793e-01 -0.000000000000000000e+00 4.986768171497877481e-300 -0.000000000000000000e+00 1.679692803731619972e-299 3.770453859836209731e-01 1.719444081970090688e-01 1.554282851067599336e-01 1.636936429808028559e-01 1.726981153388702506e-01 1.511699588395152005e-01 1.542053657783434562e-01 1.393253383555234926e-01 1.319519081425615803e-01 2.739180553157490091e-300 2.739180553157490091e-300 3.688610751257220821e-01 2.485209759345345104e-01 3.752586001642350122e-01 2.669649076483527339e-01 3.787041616295613866e-01 8.735171511348218194e-300 8.735171511348218194e-300 4.986768171497877481e-300 4.053562567970545594e-01 -0.000000000000000000e+00 6.890136555192249756e-300 3.632664234136103731e-01 6.890136555192249756e-300 4.986768171497877481e-300 3.319119160554877546e-01 4.089852314511792097e-01 3.319119160554877546e-01 3.830760283745832662e-01 2.574129825938225591e-01 3.632664234136103731e-01 3.319119160554877546e-01 3.433773943624598979e-01 1.319519081425615803e-01 1.319519081425615803e-01 6.478182044152981656e-02 1.430419355854946617e-01 2.739180553157490091e-300 2.739180553157490091e-300 2.739180553157490091e-300 5.919032633475457966e-02 1.228727898773817024e-300 2.485209759345345104e-01 4.079966087699415933e-01 3.830760283745832662e-01 3.319119160554877546e-01 4.130432234170711148e-01 3.319119160554877546e-01 2.686589295536029875e-01 3.889566248104799340e-01 8.735171511348218194e-300 1.511699588395152005e-01 8.735171511348218194e-300 4.353267034476430708e-01 6.890136555192249756e-300 6.123498146687184757e-02 2.536463549266992357e-01 2.739180553157490091e-300 2.669649076483527339e-01 2.669649076483527339e-01 3.155562475288173907e-01 1.000000000000000000e+00 3.787041616295613866e-01 6.890136555192249756e-300 4.986768171497877481e-300 4.207910090287028670e-01 3.504590472363533493e-01
2.466816142270202572e-01 1.064008005851799155e-299 6.566168706669817112e-01 1.064008005851799155e-299 4.025453601264595282e-01 3.398605406232315107e-01 3.937033162609806514e-01 5.995189994705812930e-01 3.922567753956681669e-01 -0.000000000000000000e+00 4.986768171497877481e-300 -0.000000000000000000e+00 6.890136555192249756e-300 3.728093244606315859e-01 1.697321229065637815e-01 1.536183533806043111e-01 1.616873384314786166e-01 1.704665185815300021e-01 1.494572968864449625e-01 1.524236400693069204e-01 1.378692539064239608e-01 1.306451417070443044e-01 2.739180553157490091e-300 2.739180553157490091e-300 5.633508497893784384e-01 2.459756367892048934e-01 5.730123457979316992e-01 2.640299764348999489e-01 5.782142817045399230e-01 6.890136555192249756e-300 6.890136555192249756e-300 4.986768171497877481e-300 4.004643007058008575e-01 -0.000000000000000000e+00 6.890136555192249756e-300 3.593326996386071448e-01 1.064008005851799155e-299 4.986768171497877481e-300 3.286248749087926080e-01 8.145016278479965122e-01 5.074783279316952278e-01 5.848131696600372686e-01 2.546832423057092676e-01 3.593326996386071448e-01 5.074783279316952278e-01 6.851806158709339289e-01 1.306451417070443044e-01 1.306451417070443044e-01 6.408031385893910026e-02 1.415075586960959642e-01 2.739180553157490091e-300 2.739180553157490091e-300 2.739180553157490091e-300 5.860414358946221952e-02 1.228727898773817024e-300 2.459756367892048934e-01 4.030411056131096847e-01 3.787041616295613866e-01 5.074783279316952278e-01 4.079651332111488560e-01 3.286248749087926080e-01 2.656868403726368455e-01 3.844502923342423273e-01 6.890136555192249756e-300 1.494572968864449625e-01 6.890136555192249756e-300 3.398605406232315107e-01 6.890136555192249756e-300 6.060781591352144837e-02 2.509955053587828444e-01 2.739180553157490091e-300 2.640299764348999489e-01 2.640299764348999489e-01 3.114638766979498929e-01 3.787041616295613866e-01 1.000000000000000000e+00 6.890136555192249756e-300 4.986768171497877481e-300 3.286248749087926080e-01 3.467964114606200687e-01
2.739180553157490091e-300 3.445068277596124878e-300 6.890136555192249756e-300 3.445068277596124878e-300 6.890136555192249756e-300 6.890136555192249756e-300 6.890136555192249756e-300 6.890136555192249756e-300 6.890136555192249756e-300 -0.000000000000000000e+00 2.493384085748938740e-300 -0.000000000000000000e+00 3.445068277596124878e-300 6.890136555192249756e-300 2.739180553157490091e-300 2.739180553157490091e-300 2.739180553157490091e-300 2.739180553157490091e-300 2.739180553157490091e-300 2.739180553157490091e-300 2.739180553157490091e-300 2.739180553157490091e-300 1.369590276578745045e-300 1.369590276578745045e-300 6.890136555192249756e-300 4.986768171497877481e-300 6.890136555192249756e-300 4.986768171497877481e-300 6.890136555192249756e-300 3.445068277596124878e-300 3.445068277596124878e-300 2.493384085748938740e-300 6.890136555192249756e-300 -0.000000000000000000e+00 6.310438733286872356e-300 6.890136555192249756e-300 3.445068277596124878e-300 2.493384085748938740e-300 1.262087746657374471e-299 6.890136555192249756e-300 6.890136555192249756e-300 6.890136555192249756e-300 4.986768171497877481e-300 1.686711067693873860e-299 6.890136555192249756e-300 6.890136555192249756e-300 2.739180553157490091e-300 2.739180553157490091e-300 1.228727898773817024e-300 2.739180553157490091e-300 1.369590276578745045e-300 1.369590276578745045e-300 1.369590276578745045e-300 1.228727898773817024e-300 6.143639493869085118e-301 4.986768171497877481e-300 6.890136555192249756e-300 6.890136555192249756e-300 6.890136555192249756e-300 6.890136555192249756e-300 6.890136555192249756e-300 4.986768171497877481e-300 6.890136555192249756e-300 3.445068277596124878e-300 2.739180553157490091e-300 3.445068277596124878e-300 6.890136555192249756e-300 3.445068277596124878e-300 1.228727898773817024e-300 4.986768171497877481e-300 1.369590276578745045e-300 4.986768171497877481e-300 4.986768171497877481e-300 4.986768171497877481e-300 6.890136555192249756e-300 6.890136555192249756e-300 1.000000000000000000e+00 2.493384085748938740e-300 6.890136555192249756e-300 1.262087746657374471e-299
2.739180553157490091e-300 2.493384085748938740e-300 4.986768171497877481e-300 2.493384085748938740e-300 4.986768171497877481e-300 4.986768171497877481e-300 4.986768171497877481e-300 4.986768171497877481e-300 4.986768171497877481e-300 -0.000000000000000000e+00 2.493384085748938740e-300 -0.000000000000000000e+00 2.493384085748938740e-300 4.986768171497877481e-300 2.739180553157490091e-300 2.739180553157490091e-300 2.739180553157490091e-300 2.739180553157490091e-300 2.739180553157490091e-300 2.739180553157490091e-300 2.739180553157490091e-300 2.739180553157490091e-300 1.369590276578745045e-300 1.369590276578745045e-300 4.986768171497877481e-300 4.986768171497877481e-300 4.986768171497877481e-300 4.986768171497877481e-300 4.986768171497877481e-300 9.463174755650528630e-300 2.493384085748938740e-300 2.493384085748938740e-300 4.986768171497877481e-300 -0.000000000000000000e+00 2.493384085748938740e-300 4.986768171497877481e-300 2.493384085748938740e-300 2.493384085748938740e-300 4.986768171497877481e-300 4.986768171497877481e-300 4.986768171497877481e-300 4.986768171497877481e-300 4.986768171497877481e-300 4.986768171497877481e-300 4.986768171497877481e-300 4.986768171497877481e-300 2.739180553157490091e-300 2.739180553157490091e-300 1.228727898773817024e-300 2.739180553157490091e-300 1.369590276578745045e-300 1.369590276578745045e-300 1.369590276578745045e-300 1.228727898773817024e-300 6.143639493869085118e-301 4.986768171497877481e-300 4.986768171497877481e-300 4.986768171497877481e-300 4.986768171497877481e-300 4.986768171497877481e-300 4.986768171497877481e-300 4.986768171497877481e-300 4.986768171497877481e-300 2.493384085748938740e-300 2.739180553157490091e-300 2.493384085748938740e-300 4.986768171497877481e-300 2.493384085748938740e-300 1.228727898773817024e-300 4.986768171497877481e-300 1.369590276578745045e-300 4.986768171497877481e-300 4.986768171497877481e-300 4.986768171497877481e-300 4.986768171497877481e-300 4.986768171497877481e-300 2.493384085748938740e-300 1.000000000000000000e+00 4.986768171497877481e-300 4.986768171497877481e-300
2.003927156158311629e-01 6.890136555192249756e-300 3.670951903375066494e-01 6.890136555192249756e-300 3.500841568225795397e-01 3.016912238446586847e-01 3.433773943624598979e-01 3.392043201499330141e-01 3.422765143627878315e-01 -0.000000000000000000e+00 4.986768171497877481e-300 -0.000000000000000000e+00 8.735171511348218194e-300 3.273750764382639122e-01 1.464551349655038859e-01 1.342997220542226366e-01 1.404263796065498837e-01 1.470015889641194118e-01 1.311085550832782609e-01 1.333857084044198504e-01 1.221054633384174720e-01 1.164047451416002771e-01 2.739180553157490091e-300 2.739180553157490091e-300 3.211873695971320108e-01 2.183504173883252797e-01 3.260272074868327263e-01 5.419070797890904734e-01 3.286248749087926080e-01 8.735171511348218194e-300 8.735171511348218194e-300 4.986768171497877481e-300 3.485091137123729754e-01 -0.000000000000000000e+00 6.890136555192249756e-300 3.169370997155087633e-01 6.890136555192249756e-300 4.986768171497877481e-300 2.928045720730055312e-01 3.511882421555987399e-01 2.928045720730055312e-01 3.319119160554877546e-01 2.251848014999924541e-01 3.169370997155087633e-01 2.928045720730055312e-01 3.016912238446586847e-01 1.164047451416002771e-01 1.164047451416002771e-01 5.651984593591830031e-02 1.249507496614606777e-01 2.739180553157490091e-300 2.739180553157490091e-300 2.739180553157490091e-300 5.221625779296215630e-02 1.228727898773817024e-300 2.183504173883252797e-01 3.504590472363533493e-01 3.319119160554877546e-01 2.928045720730055312e-01 3.541761509520201523e-01 2.928045720730055312e-01 2.337442199735015602e-01 3.363175417019753088e-01 8.735171511348218194e-300 1.311085550832782609e-01 8.735171511348218194e-300 3.824778453433873016e-01 6.890136555192249756e-300 5.380102710356304135e-02 7.818895175148125043e-01 2.739180553157490091e-300 2.324608429693759970e-01 8.176389729213612290e-01 2.684566475245935280e-01 4.207910090287028670e-01 3.286248749087926080e-01 6.890136555192249756e-300 4.986768171497877481e-300 1.000000000000000000e+00 3.071441623542897625e-01
2.179063206445753242e-01 6.890136555192249756e-300 3.899179717355266139e-01 6.890136555192249756e-300 3.707811232984773997e-01 3.169370997155087633e-01 3.632664234136103731e-01 3.585992104342364817e-01 3.620345489413301920e-01 -0.000000000000000000e+00 4.986768171497877481e-300 -0.000000000000000000e+00 6.890136555192249756e-300 3.454048673093856325e-01 1.555946478685356349e-01 1.419454786921826028e-01 1.488074025219946472e-01 1.562115763844055816e-01 1.383854349822920271e-01 1.409248275082767565e-01 1.283932999781027540e-01 1.221054633384174720e-01 2.739180553157490091e-300 2.739180553157490091e-300 3.385239939102188123e-01 2.293846905018341598e-01 3.439047857062518809e-01 2.450083049294104476e-01 3.467964114606200687e-01 6.890136555192249756e-300 6.890136555192249756e-300 4.986768171497877481e-300 3.690148119343170663e-01 -0.000000000000000000e+00 1.262087746657374471e-299 3.338058801488767990e-01 6.890136555192249756e-300 4.986768171497877481e-300 5.626055168276359320e-01 3.720198455536189441e-01 3.071441623542897625e-01 3.504590472363533493e-01 2.369392243893586603e-01 6.114426147049308868e-01 3.071441623542897625e-01 3.169370997155087633e-01 1.221054633384174720e-01 1.221054633384174720e-01 5.952807965824556680e-02 1.315429474256953890e-01 2.739180553157490091e-300 2.739180553157490091e-300 2.739180553157490091e-300 5.477345742093210623e-02 1.228727898773817024e-300 2.293846905018341598e-01 3.712016776669376239e-01 3.504590472363533493e-01 3.071441623542897625e-01 3.753744309396769285e-01 3.071441623542897625e-01 2.464343908270899830e-01 3.553744453462469033e-01 6.890136555192249756e-300 1.383854349822920271e-01 6.890136555192249756e-300 3.169370997155087633e-01 6.890136555192249756e-300 5.651984593591830031e-02 2.337442199735015325e-01 2.739180553157490091e-300 2.450083049294104476e-01 2.450083049294104476e-01 2.853318787429447445e-01 3.504590472363533493e-01 3.467964114606200687e-01 1.262087746657374471e-299 4.986768171497877481e-300 3.071441623542897625e-01 1.000000000000000000e+00
